Workbook

Sheet Instructions
A1: Project Tracker Instructions
A2: Use Employee_Master for employees and Task_Tracker for all task entry. Monthly tabs show due tasks by month and auto-display carry-forward open tasks from earlier months.
A3: Workflow
A4: 1. Add or update employees in Employee_Master.
A5: 2. Add or edit tasks only in Task_Tracker.
A6: 3. Due Date controls the month-wise reporting tabs.
A7: 4. Any task not marked Completed or Cancelled before a later month will appear in Carry Forward for that month.
A8: 5. Use Monthly_Report_Summary for month-wise totals and employee report tabs for individual performance.
A9: Editable areas
A10: Unlocked input cells are available in Employee_Master, Task_Tracker, and B4/B5 on the general Employee_Report.
A11: Protection password
A12: TaskLock2026!
A13: Reporting logic
A14: Tasks Due This Month = tasks with Due Date inside the month. | B14: User input
A15: Completed = tasks in that month bucket with Status = Completed. | B15: Auto-calculated / locked
A16: Carry Forward = tasks with Due Date before the month start that are still not Completed/Cancelled. | B16: Linked from another sheet
A17: Hours are summarized from the task-level Actual Hours field. | B17: Overdue or attention needed
A18: Dark blue bars | B18: Section headers / KPI blocks
A20: Latest updates
A21: - Employee names now come from Employee_Master: Pammi Gaur and Pankaj Vairagade.
A22: - Use Task_Tracker column AA for Source. Manager, report status, and linked step IDs are auto-filled.
A23: - Use Task_Steps Parent Task ID dropdown to map each step back to the Task_Tracker.
A24: - Employee and manager reports now pull directly from Task_Tracker and Task_Steps.

Sheet Dashboard
A1: Dashboard
A2: Dashboard summary of project delivery. Use Monthly_Report_Summary and month tabs for month-wise reporting.
A4: Selected Month | B4: All
A6: Total Tasks | D6: Open Tasks | G6: Completed | J6: Overdue
A7: =IF($B$4="All",COUNTIF(Task_Tracker!$D$5:$D$1004,"<>"),COUNTIFS(Task_Tracker!$S$5:$S$1004,$B$4,Task_Tracker!$D$5:$D$1004,"<>")) | D7: =IF($B$4="All",COUNTIFS(Task_Tracker!$D$5:$D$1004,"<>",Task_Tracker!$I$5:$I$1004,"<>Completed",Task_Tracker!$I$5:$I$1004,"<>Cancelled"),COUNTIFS(Task_Tracker!$S$5:$S$1004,$B$4,Task_Tracker!$I$5:$I$1004,"<>Completed",Task_Tracker!$I$5:$I$1004,"<>Cancelled")) | G7: =IF($B$4="All",COUNTIFS(Task_Tracker!$I$5:$I$1004,"Completed"),COUNTIFS(Task_Tracker!$S$5:$S$1004,$B$4,Task_Tracker!$I$5:$I$1004,"Completed")) | J7: =IF($B$4="All",COUNTIFS(Task_Tracker!$R$5:$R$1004,"Overdue"),COUNTIFS(Task_Tracker!$S$5:$S$1004,$B$4,Task_Tracker!$R$5:$R$1004,"Overdue"))
A9: Estimated Hours | D9: Actual Hours | G9: Hours Variance | J9: Completion Rate
A10: =IF($B$4="All",SUM(Task_Tracker!$N$5:$N$1004),SUMIFS(Task_Tracker!$N$5:$N$1004,Task_Tracker!$S$5:$S$1004,$B$4)) | D10: =IF($B$4="All",SUM(Task_Tracker!$O$5:$O$1004),SUMIFS(Task_Tracker!$O$5:$O$1004,Task_Tracker!$S$5:$S$1004,$B$4)) | G10: =IF(OR(A10="",D10=""),"",D10-A10) | J10: =IFERROR(G7/A7,"")
A13: 12-month trend | F13: Status summary | I13: Employee workload snapshot
A14: Month | B14: Tasks Due | C14: Completed | D14: Actual Hours | F14: Status | G14: Count | I14: Employee | J14: Tasks | K14: Actual Hrs | L14: Overdue
A15: 2026-04 | B15: =COUNTIFS(Task_Tracker!$S$5:$S$1004,$A15,Task_Tracker!$A$5:$A$1004,"<>") | C15: =COUNTIFS(Task_Tracker!$S$5:$S$1004,$A15,Task_Tracker!$I$5:$I$1004,"Completed") | D15: =SUMIFS(Task_Tracker!$O$5:$O$1004,Task_Tracker!$S$5:$S$1004,$A15) | F15: Not Started | G15: =IF($B$4="All",COUNTIFS(Task_Tracker!$I$5:$I$1004,$F15),COUNTIFS(Task_Tracker!$S$5:$S$1004,$B$4,Task_Tracker!$I$5:$I$1004,$F15)) | I15: =Employee_Summary!B5 | J15: =IF($I15="","",IF($B$4="All",COUNTIF(Task_Tracker!$F$5:$F$1004,$I15),COUNTIFS(Task_Tracker!$F$5:$F$1004,$I15,Task_Tracker!$S$5:$S$1004,$B$4))) | K15: =IF($I15="","",IF($B$4="All",SUMIF(Task_Tracker!$F$5:$F$1004,$I15,Task_Tracker!$O$5:$O$1004),SUMIFS(Task_Tracker!$O$5:$O$1004,Task_Tracker!$F$5:$F$1004,$I15,Task_Tracker!$S$5:$S$1004,$B$4))) | L15: =IF($I15="","",IF($B$4="All",COUNTIFS(Task_Tracker!$F$5:$F$1004,$I15,Task_Tracker!$R$5:$R$1004,"Overdue"),COUNTIFS(Task_Tracker!$F$5:$F$1004,$I15,Task_Tracker!$R$5:$R$1004,"Overdue",Task_Tracker!$S$5:$S$1004,$B$4)))
A16: 2026-05 | B16: =COUNTIFS(Task_Tracker!$S$5:$S$1004,$A16,Task_Tracker!$A$5:$A$1004,"<>") | C16: =COUNTIFS(Task_Tracker!$S$5:$S$1004,$A16,Task_Tracker!$I$5:$I$1004,"Completed") | D16: =SUMIFS(Task_Tracker!$O$5:$O$1004,Task_Tracker!$S$5:$S$1004,$A16) | F16: In Progress | G16: =IF($B$4="All",COUNTIFS(Task_Tracker!$I$5:$I$1004,$F16),COUNTIFS(Task_Tracker!$S$5:$S$1004,$B$4,Task_Tracker!$I$5:$I$1004,$F16)) | I16: =Employee_Summary!B6 | J16: =IF($I16="","",IF($B$4="All",COUNTIF(Task_Tracker!$F$5:$F$1004,$I16),COUNTIFS(Task_Tracker!$F$5:$F$1004,$I16,Task_Tracker!$S$5:$S$1004,$B$4))) | K16: =IF($I16="","",IF($B$4="All",SUMIF(Task_Tracker!$F$5:$F$1004,$I16,Task_Tracker!$O$5:$O$1004),SUMIFS(Task_Tracker!$O$5:$O$1004,Task_Tracker!$F$5:$F$1004,$I16,Task_Tracker!$S$5:$S$1004,$B$4))) | L16: =IF($I16="","",IF($B$4="All",COUNTIFS(Task_Tracker!$F$5:$F$1004,$I16,Task_Tracker!$R$5:$R$1004,"Overdue"),COUNTIFS(Task_Tracker!$F$5:$F$1004,$I16,Task_Tracker!$R$5:$R$1004,"Overdue",Task_Tracker!$S$5:$S$1004,$B$4)))
A17: 2026-06 | B17: =COUNTIFS(Task_Tracker!$S$5:$S$1004,$A17,Task_Tracker!$A$5:$A$1004,"<>") | C17: =COUNTIFS(Task_Tracker!$S$5:$S$1004,$A17,Task_Tracker!$I$5:$I$1004,"Completed") | D17: =SUMIFS(Task_Tracker!$O$5:$O$1004,Task_Tracker!$S$5:$S$1004,$A17) | F17: Review | G17: =IF($B$4="All",COUNTIFS(Task_Tracker!$I$5:$I$1004,$F17),COUNTIFS(Task_Tracker!$S$5:$S$1004,$B$4,Task_Tracker!$I$5:$I$1004,$F17)) | I17: =Employee_Summary!B7 | J17: =IF($I17="","",IF($B$4="All",COUNTIF(Task_Tracker!$F$5:$F$1004,$I17),COUNTIFS(Task_Tracker!$F$5:$F$1004,$I17,Task_Tracker!$S$5:$S$1004,$B$4))) | K17: =IF($I17="","",IF($B$4="All",SUMIF(Task_Tracker!$F$5:$F$1004,$I17,Task_Tracker!$O$5:$O$1004),SUMIFS(Task_Tracker!$O$5:$O$1004,Task_Tracker!$F$5:$F$1004,$I17,Task_Tracker!$S$5:$S$1004,$B$4))) | L17: =IF($I17="","",IF($B$4="All",COUNTIFS(Task_Tracker!$F$5:$F$1004,$I17,Task_Tracker!$R$5:$R$1004,"Overdue"),COUNTIFS(Task_Tracker!$F$5:$F$1004,$I17,Task_Tracker!$R$5:$R$1004,"Overdue",Task_Tracker!$S$5:$S$1004,$B$4)))
A18: 2026-07 | B18: =COUNTIFS(Task_Tracker!$S$5:$S$1004,$A18,Task_Tracker!$A$5:$A$1004,"<>") | C18: =COUNTIFS(Task_Tracker!$S$5:$S$1004,$A18,Task_Tracker!$I$5:$I$1004,"Completed") | D18: =SUMIFS(Task_Tracker!$O$5:$O$1004,Task_Tracker!$S$5:$S$1004,$A18) | F18: On Hold | G18: =IF($B$4="All",COUNTIFS(Task_Tracker!$I$5:$I$1004,$F18),COUNTIFS(Task_Tracker!$S$5:$S$1004,$B$4,Task_Tracker!$I$5:$I$1004,$F18)) | I18: =Employee_Summary!B8 | J18: =IF($I18="","",IF($B$4="All",COUNTIF(Task_Tracker!$F$5:$F$1004,$I18),COUNTIFS(Task_Tracker!$F$5:$F$1004,$I18,Task_Tracker!$S$5:$S$1004,$B$4))) | K18: =IF($I18="","",IF($B$4="All",SUMIF(Task_Tracker!$F$5:$F$1004,$I18,Task_Tracker!$O$5:$O$1004),SUMIFS(Task_Tracker!$O$5:$O$1004,Task_Tracker!$F$5:$F$1004,$I18,Task_Tracker!$S$5:$S$1004,$B$4))) | L18: =IF($I18="","",IF($B$4="All",COUNTIFS(Task_Tracker!$F$5:$F$1004,$I18,Task_Tracker!$R$5:$R$1004,"Overdue"),COUNTIFS(Task_Tracker!$F$5:$F$1004,$I18,Task_Tracker!$R$5:$R$1004,"Overdue",Task_Tracker!$S$5:$S$1004,$B$4)))
A19: 2026-08 | B19: =COUNTIFS(Task_Tracker!$S$5:$S$1004,$A19,Task_Tracker!$A$5:$A$1004,"<>") | C19: =COUNTIFS(Task_Tracker!$S$5:$S$1004,$A19,Task_Tracker!$I$5:$I$1004,"Completed") | D19: =SUMIFS(Task_Tracker!$O$5:$O$1004,Task_Tracker!$S$5:$S$1004,$A19) | F19: Blocked | G19: =IF($B$4="All",COUNTIFS(Task_Tracker!$I$5:$I$1004,$F19),COUNTIFS(Task_Tracker!$S$5:$S$1004,$B$4,Task_Tracker!$I$5:$I$1004,$F19)) | I19: =Employee_Summary!B9 | J19: =IF($I19="","",IF($B$4="All",COUNTIF(Task_Tracker!$F$5:$F$1004,$I19),COUNTIFS(Task_Tracker!$F$5:$F$1004,$I19,Task_Tracker!$S$5:$S$1004,$B$4))) | K19: =IF($I19="","",IF($B$4="All",SUMIF(Task_Tracker!$F$5:$F$1004,$I19,Task_Tracker!$O$5:$O$1004),SUMIFS(Task_Tracker!$O$5:$O$1004,Task_Tracker!$F$5:$F$1004,$I19,Task_Tracker!$S$5:$S$1004,$B$4))) | L19: =IF($I19="","",IF($B$4="All",COUNTIFS(Task_Tracker!$F$5:$F$1004,$I19,Task_Tracker!$R$5:$R$1004,"Overdue"),COUNTIFS(Task_Tracker!$F$5:$F$1004,$I19,Task_Tracker!$R$5:$R$1004,"Overdue",Task_Tracker!$S$5:$S$1004,$B$4)))
A20: 2026-09 | B20: =COUNTIFS(Task_Tracker!$S$5:$S$1004,$A20,Task_Tracker!$A$5:$A$1004,"<>") | C20: =COUNTIFS(Task_Tracker!$S$5:$S$1004,$A20,Task_Tracker!$I$5:$I$1004,"Completed") | D20: =SUMIFS(Task_Tracker!$O$5:$O$1004,Task_Tracker!$S$5:$S$1004,$A20) | F20: Completed | G20: =IF($B$4="All",COUNTIFS(Task_Tracker!$I$5:$I$1004,$F20),COUNTIFS(Task_Tracker!$S$5:$S$1004,$B$4,Task_Tracker!$I$5:$I$1004,$F20)) | I20: =Employee_Summary!B10 | J20: =IF($I20="","",IF($B$4="All",COUNTIF(Task_Tracker!$F$5:$F$1004,$I20),COUNTIFS(Task_Tracker!$F$5:$F$1004,$I20,Task_Tracker!$S$5:$S$1004,$B$4))) | K20: =IF($I20="","",IF($B$4="All",SUMIF(Task_Tracker!$F$5:$F$1004,$I20,Task_Tracker!$O$5:$O$1004),SUMIFS(Task_Tracker!$O$5:$O$1004,Task_Tracker!$F$5:$F$1004,$I20,Task_Tracker!$S$5:$S$1004,$B$4))) | L20: =IF($I20="","",IF($B$4="All",COUNTIFS(Task_Tracker!$F$5:$F$1004,$I20,Task_Tracker!$R$5:$R$1004,"Overdue"),COUNTIFS(Task_Tracker!$F$5:$F$1004,$I20,Task_Tracker!$R$5:$R$1004,"Overdue",Task_Tracker!$S$5:$S$1004,$B$4)))
A21: 2026-10 | B21: =COUNTIFS(Task_Tracker!$S$5:$S$1004,$A21,Task_Tracker!$A$5:$A$1004,"<>") | C21: =COUNTIFS(Task_Tracker!$S$5:$S$1004,$A21,Task_Tracker!$I$5:$I$1004,"Completed") | D21: =SUMIFS(Task_Tracker!$O$5:$O$1004,Task_Tracker!$S$5:$S$1004,$A21) | F21: Cancelled | G21: =IF($B$4="All",COUNTIFS(Task_Tracker!$I$5:$I$1004,$F21),COUNTIFS(Task_Tracker!$S$5:$S$1004,$B$4,Task_Tracker!$I$5:$I$1004,$F21)) | I21: =Employee_Summary!B11 | J21: =IF($I21="","",IF($B$4="All",COUNTIF(Task_Tracker!$F$5:$F$1004,$I21),COUNTIFS(Task_Tracker!$F$5:$F$1004,$I21,Task_Tracker!$S$5:$S$1004,$B$4))) | K21: =IF($I21="","",IF($B$4="All",SUMIF(Task_Tracker!$F$5:$F$1004,$I21,Task_Tracker!$O$5:$O$1004),SUMIFS(Task_Tracker!$O$5:$O$1004,Task_Tracker!$F$5:$F$1004,$I21,Task_Tracker!$S$5:$S$1004,$B$4))) | L21: =IF($I21="","",IF($B$4="All",COUNTIFS(Task_Tracker!$F$5:$F$1004,$I21,Task_Tracker!$R$5:$R$1004,"Overdue"),COUNTIFS(Task_Tracker!$F$5:$F$1004,$I21,Task_Tracker!$R$5:$R$1004,"Overdue",Task_Tracker!$S$5:$S$1004,$B$4)))
A22: 2026-11 | B22: =COUNTIFS(Task_Tracker!$S$5:$S$1004,$A22,Task_Tracker!$A$5:$A$1004,"<>") | C22: =COUNTIFS(Task_Tracker!$S$5:$S$1004,$A22,Task_Tracker!$I$5:$I$1004,"Completed") | D22: =SUMIFS(Task_Tracker!$O$5:$O$1004,Task_Tracker!$S$5:$S$1004,$A22) | I22: =Employee_Summary!B12 | J22: =IF($I22="","",IF($B$4="All",COUNTIF(Task_Tracker!$F$5:$F$1004,$I22),COUNTIFS(Task_Tracker!$F$5:$F$1004,$I22,Task_Tracker!$S$5:$S$1004,$B$4))) | K22: =IF($I22="","",IF($B$4="All",SUMIF(Task_Tracker!$F$5:$F$1004,$I22,Task_Tracker!$O$5:$O$1004),SUMIFS(Task_Tracker!$O$5:$O$1004,Task_Tracker!$F$5:$F$1004,$I22,Task_Tracker!$S$5:$S$1004,$B$4))) | L22: =IF($I22="","",IF($B$4="All",COUNTIFS(Task_Tracker!$F$5:$F$1004,$I22,Task_Tracker!$R$5:$R$1004,"Overdue"),COUNTIFS(Task_Tracker!$F$5:$F$1004,$I22,Task_Tracker!$R$5:$R$1004,"Overdue",Task_Tracker!$S$5:$S$1004,$B$4)))
A23: 2026-12 | B23: =COUNTIFS(Task_Tracker!$S$5:$S$1004,$A23,Task_Tracker!$A$5:$A$1004,"<>") | C23: =COUNTIFS(Task_Tracker!$S$5:$S$1004,$A23,Task_Tracker!$I$5:$I$1004,"Completed") | D23: =SUMIFS(Task_Tracker!$O$5:$O$1004,Task_Tracker!$S$5:$S$1004,$A23) | I23: =Employee_Summary!B13 | J23: =IF($I23="","",IF($B$4="All",COUNTIF(Task_Tracker!$F$5:$F$1004,$I23),COUNTIFS(Task_Tracker!$F$5:$F$1004,$I23,Task_Tracker!$S$5:$S$1004,$B$4))) | K23: =IF($I23="","",IF($B$4="All",SUMIF(Task_Tracker!$F$5:$F$1004,$I23,Task_Tracker!$O$5:$O$1004),SUMIFS(Task_Tracker!$O$5:$O$1004,Task_Tracker!$F$5:$F$1004,$I23,Task_Tracker!$S$5:$S$1004,$B$4))) | L23: =IF($I23="","",IF($B$4="All",COUNTIFS(Task_Tracker!$F$5:$F$1004,$I23,Task_Tracker!$R$5:$R$1004,"Overdue"),COUNTIFS(Task_Tracker!$F$5:$F$1004,$I23,Task_Tracker!$R$5:$R$1004,"Overdue",Task_Tracker!$S$5:$S$1004,$B$4)))
A24: 2027-01 | B24: =COUNTIFS(Task_Tracker!$S$5:$S$1004,$A24,Task_Tracker!$A$5:$A$1004,"<>") | C24: =COUNTIFS(Task_Tracker!$S$5:$S$1004,$A24,Task_Tracker!$I$5:$I$1004,"Completed") | D24: =SUMIFS(Task_Tracker!$O$5:$O$1004,Task_Tracker!$S$5:$S$1004,$A24) | I24: =Employee_Summary!B14 | J24: =IF($I24="","",IF($B$4="All",COUNTIF(Task_Tracker!$F$5:$F$1004,$I24),COUNTIFS(Task_Tracker!$F$5:$F$1004,$I24,Task_Tracker!$S$5:$S$1004,$B$4))) | K24: =IF($I24="","",IF($B$4="All",SUMIF(Task_Tracker!$F$5:$F$1004,$I24,Task_Tracker!$O$5:$O$1004),SUMIFS(Task_Tracker!$O$5:$O$1004,Task_Tracker!$F$5:$F$1004,$I24,Task_Tracker!$S$5:$S$1004,$B$4))) | L24: =IF($I24="","",IF($B$4="All",COUNTIFS(Task_Tracker!$F$5:$F$1004,$I24,Task_Tracker!$R$5:$R$1004,"Overdue"),COUNTIFS(Task_Tracker!$F$5:$F$1004,$I24,Task_Tracker!$R$5:$R$1004,"Overdue",Task_Tracker!$S$5:$S$1004,$B$4)))
A25: 2027-02 | B25: =COUNTIFS(Task_Tracker!$S$5:$S$1004,$A25,Task_Tracker!$A$5:$A$1004,"<>") | C25: =COUNTIFS(Task_Tracker!$S$5:$S$1004,$A25,Task_Tracker!$I$5:$I$1004,"Completed") | D25: =SUMIFS(Task_Tracker!$O$5:$O$1004,Task_Tracker!$S$5:$S$1004,$A25)
A26: 2027-03 | B26: =COUNTIFS(Task_Tracker!$S$5:$S$1004,$A26,Task_Tracker!$A$5:$A$1004,"<>") | C26: =COUNTIFS(Task_Tracker!$S$5:$S$1004,$A26,Task_Tracker!$I$5:$I$1004,"Completed") | D26: =SUMIFS(Task_Tracker!$O$5:$O$1004,Task_Tracker!$S$5:$S$1004,$A26)
I27: See Employee_Summary for the full employee list and more detailed metrics.

Sheet Monthly_Report_Summary
A1: Monthly Reporting Summary
A2: This sheet gives month-wise totals for all tasks and both employees. Enter or edit tasks in Task_Tracker; reports update automatically.
A4: Month Start | B4: Month | C4: Total Due | D4: Completed | E4: Carry Forward | F4: Actual Hrs | G4: =Employee_Master!$B$5&" Due" | H4: =Employee_Master!$B$5&" Completed" | I4: =Employee_Master!$B$5&" Hrs" | J4: =Employee_Master!$B$6&" Due" | K4: =Employee_Master!$B$6&" Completed" | L4: =Employee_Master!$B$6&" Hrs" | M4: Open in Bucket
A5: 46113 | B5: =TEXT(A5,"mmm yyyy") | C5: =COUNTIFS(Task_Tracker!$L$5:$L$1004,">="&$A5,Task_Tracker!$L$5:$L$1004,"<"&EDATE($A5,1),Task_Tracker!$A$5:$A$1004,"<>") | D5: =COUNTIFS(Task_Tracker!$L$5:$L$1004,">="&$A5,Task_Tracker!$L$5:$L$1004,"<"&EDATE($A5,1),Task_Tracker!$I$5:$I$1004,"Completed") | E5: =COUNTIFS(Task_Tracker!$L$5:$L$1004,"<"&$A5,Task_Tracker!$I$5:$I$1004,"<>Completed",Task_Tracker!$I$5:$I$1004,"<>Cancelled",Task_Tracker!$A$5:$A$1004,"<>") | F5: =SUMIFS(Task_Tracker!$O$5:$O$1004,Task_Tracker!$L$5:$L$1004,">="&$A5,Task_Tracker!$L$5:$L$1004,"<"&EDATE($A5,1)) | G5: =COUNTIFS(Task_Tracker!$F$5:$F$1004,Employee_Master!$B$5,Task_Tracker!$L$5:$L$1004,">="&$A5,Task_Tracker!$L$5:$L$1004,"<"&EDATE($A5,1)) | H5: =COUNTIFS(Task_Tracker!$F$5:$F$1004,Employee_Master!$B$5,Task_Tracker!$L$5:$L$1004,">="&$A5,Task_Tracker!$L$5:$L$1004,"<"&EDATE($A5,1),Task_Tracker!$I$5:$I$1004,"Completed") | I5: =SUMIFS(Task_Tracker!$O$5:$O$1004,Task_Tracker!$F$5:$F$1004,Employee_Master!$B$5,Task_Tracker!$L$5:$L$1004,">="&$A5,Task_Tracker!$L$5:$L$1004,"<"&EDATE($A5,1)) | J5: =COUNTIFS(Task_Tracker!$F$5:$F$1004,Employee_Master!$B$6,Task_Tracker!$L$5:$L$1004,">="&$A5,Task_Tracker!$L$5:$L$1004,"<"&EDATE($A5,1)) | K5: =COUNTIFS(Task_Tracker!$F$5:$F$1004,Employee_Master!$B$6,Task_Tracker!$L$5:$L$1004,">="&$A5,Task_Tracker!$L$5:$L$1004,"<"&EDATE($A5,1),Task_Tracker!$I$5:$I$1004,"Completed") | L5: =SUMIFS(Task_Tracker!$O$5:$O$1004,Task_Tracker!$F$5:$F$1004,Employee_Master!$B$6,Task_Tracker!$L$5:$L$1004,">="&$A5,Task_Tracker!$L$5:$L$1004,"<"&EDATE($A5,1)) | M5: =COUNTIFS(Task_Tracker!$L$5:$L$1004,">="&$A5,Task_Tracker!$L$5:$L$1004,"<"&EDATE($A5,1),Task_Tracker!$I$5:$I$1004,"<>Completed",Task_Tracker!$I$5:$I$1004,"<>Cancelled")
A6: 46143 | B6: =TEXT(A6,"mmm yyyy") | C6: =COUNTIFS(Task_Tracker!$L$5:$L$1004,">="&$A6,Task_Tracker!$L$5:$L$1004,"<"&EDATE($A6,1),Task_Tracker!$A$5:$A$1004,"<>") | D6: =COUNTIFS(Task_Tracker!$L$5:$L$1004,">="&$A6,Task_Tracker!$L$5:$L$1004,"<"&EDATE($A6,1),Task_Tracker!$I$5:$I$1004,"Completed") | E6: =COUNTIFS(Task_Tracker!$L$5:$L$1004,"<"&$A6,Task_Tracker!$I$5:$I$1004,"<>Completed",Task_Tracker!$I$5:$I$1004,"<>Cancelled",Task_Tracker!$A$5:$A$1004,"<>") | F6: =SUMIFS(Task_Tracker!$O$5:$O$1004,Task_Tracker!$L$5:$L$1004,">="&$A6,Task_Tracker!$L$5:$L$1004,"<"&EDATE($A6,1)) | G6: =COUNTIFS(Task_Tracker!$F$5:$F$1004,Employee_Master!$B$5,Task_Tracker!$L$5:$L$1004,">="&$A6,Task_Tracker!$L$5:$L$1004,"<"&EDATE($A6,1)) | H6: =COUNTIFS(Task_Tracker!$F$5:$F$1004,Employee_Master!$B$5,Task_Tracker!$L$5:$L$1004,">="&$A6,Task_Tracker!$L$5:$L$1004,"<"&EDATE($A6,1),Task_Tracker!$I$5:$I$1004,"Completed") | I6: =SUMIFS(Task_Tracker!$O$5:$O$1004,Task_Tracker!$F$5:$F$1004,Employee_Master!$B$5,Task_Tracker!$L$5:$L$1004,">="&$A6,Task_Tracker!$L$5:$L$1004,"<"&EDATE($A6,1)) | J6: =COUNTIFS(Task_Tracker!$F$5:$F$1004,Employee_Master!$B$6,Task_Tracker!$L$5:$L$1004,">="&$A6,Task_Tracker!$L$5:$L$1004,"<"&EDATE($A6,1)) | K6: =COUNTIFS(Task_Tracker!$F$5:$F$1004,Employee_Master!$B$6,Task_Tracker!$L$5:$L$1004,">="&$A6,Task_Tracker!$L$5:$L$1004,"<"&EDATE($A6,1),Task_Tracker!$I$5:$I$1004,"Completed") | L6: =SUMIFS(Task_Tracker!$O$5:$O$1004,Task_Tracker!$F$5:$F$1004,Employee_Master!$B$6,Task_Tracker!$L$5:$L$1004,">="&$A6,Task_Tracker!$L$5:$L$1004,"<"&EDATE($A6,1)) | M6: =COUNTIFS(Task_Tracker!$L$5:$L$1004,">="&$A6,Task_Tracker!$L$5:$L$1004,"<"&EDATE($A6,1),Task_Tracker!$I$5:$I$1004,"<>Completed",Task_Tracker!$I$5:$I$1004,"<>Cancelled")
A7: 46174 | B7: =TEXT(A7,"mmm yyyy") | C7: =COUNTIFS(Task_Tracker!$L$5:$L$1004,">="&$A7,Task_Tracker!$L$5:$L$1004,"<"&EDATE($A7,1),Task_Tracker!$A$5:$A$1004,"<>") | D7: =COUNTIFS(Task_Tracker!$L$5:$L$1004,">="&$A7,Task_Tracker!$L$5:$L$1004,"<"&EDATE($A7,1),Task_Tracker!$I$5:$I$1004,"Completed") | E7: =COUNTIFS(Task_Tracker!$L$5:$L$1004,"<"&$A7,Task_Tracker!$I$5:$I$1004,"<>Completed",Task_Tracker!$I$5:$I$1004,"<>Cancelled",Task_Tracker!$A$5:$A$1004,"<>") | F7: =SUMIFS(Task_Tracker!$O$5:$O$1004,Task_Tracker!$L$5:$L$1004,">="&$A7,Task_Tracker!$L$5:$L$1004,"<"&EDATE($A7,1)) | G7: =COUNTIFS(Task_Tracker!$F$5:$F$1004,Employee_Master!$B$5,Task_Tracker!$L$5:$L$1004,">="&$A7,Task_Tracker!$L$5:$L$1004,"<"&EDATE($A7,1)) | H7: =COUNTIFS(Task_Tracker!$F$5:$F$1004,Employee_Master!$B$5,Task_Tracker!$L$5:$L$1004,">="&$A7,Task_Tracker!$L$5:$L$1004,"<"&EDATE($A7,1),Task_Tracker!$I$5:$I$1004,"Completed") | I7: =SUMIFS(Task_Tracker!$O$5:$O$1004,Task_Tracker!$F$5:$F$1004,Employee_Master!$B$5,Task_Tracker!$L$5:$L$1004,">="&$A7,Task_Tracker!$L$5:$L$1004,"<"&EDATE($A7,1)) | J7: =COUNTIFS(Task_Tracker!$F$5:$F$1004,Employee_Master!$B$6,Task_Tracker!$L$5:$L$1004,">="&$A7,Task_Tracker!$L$5:$L$1004,"<"&EDATE($A7,1)) | K7: =COUNTIFS(Task_Tracker!$F$5:$F$1004,Employee_Master!$B$6,Task_Tracker!$L$5:$L$1004,">="&$A7,Task_Tracker!$L$5:$L$1004,"<"&EDATE($A7,1),Task_Tracker!$I$5:$I$1004,"Completed") | L7: =SUMIFS(Task_Tracker!$O$5:$O$1004,Task_Tracker!$F$5:$F$1004,Employee_Master!$B$6,Task_Tracker!$L$5:$L$1004,">="&$A7,Task_Tracker!$L$5:$L$1004,"<"&EDATE($A7,1)) | M7: =COUNTIFS(Task_Tracker!$L$5:$L$1004,">="&$A7,Task_Tracker!$L$5:$L$1004,"<"&EDATE($A7,1),Task_Tracker!$I$5:$I$1004,"<>Completed",Task_Tracker!$I$5:$I$1004,"<>Cancelled")
A8: 46204 | B8: =TEXT(A8,"mmm yyyy") | C8: =COUNTIFS(Task_Tracker!$L$5:$L$1004,">="&$A8,Task_Tracker!$L$5:$L$1004,"<"&EDATE($A8,1),Task_Tracker!$A$5:$A$1004,"<>") | D8: =COUNTIFS(Task_Tracker!$L$5:$L$1004,">="&$A8,Task_Tracker!$L$5:$L$1004,"<"&EDATE($A8,1),Task_Tracker!$I$5:$I$1004,"Completed") | E8: =COUNTIFS(Task_Tracker!$L$5:$L$1004,"<"&$A8,Task_Tracker!$I$5:$I$1004,"<>Completed",Task_Tracker!$I$5:$I$1004,"<>Cancelled",Task_Tracker!$A$5:$A$1004,"<>") | F8: =SUMIFS(Task_Tracker!$O$5:$O$1004,Task_Tracker!$L$5:$L$1004,">="&$A8,Task_Tracker!$L$5:$L$1004,"<"&EDATE($A8,1)) | G8: =COUNTIFS(Task_Tracker!$F$5:$F$1004,Employee_Master!$B$5,Task_Tracker!$L$5:$L$1004,">="&$A8,Task_Tracker!$L$5:$L$1004,"<"&EDATE($A8,1)) | H8: =COUNTIFS(Task_Tracker!$F$5:$F$1004,Employee_Master!$B$5,Task_Tracker!$L$5:$L$1004,">="&$A8,Task_Tracker!$L$5:$L$1004,"<"&EDATE($A8,1),Task_Tracker!$I$5:$I$1004,"Completed") | I8: =SUMIFS(Task_Tracker!$O$5:$O$1004,Task_Tracker!$F$5:$F$1004,Employee_Master!$B$5,Task_Tracker!$L$5:$L$1004,">="&$A8,Task_Tracker!$L$5:$L$1004,"<"&EDATE($A8,1)) | J8: =COUNTIFS(Task_Tracker!$F$5:$F$1004,Employee_Master!$B$6,Task_Tracker!$L$5:$L$1004,">="&$A8,Task_Tracker!$L$5:$L$1004,"<"&EDATE($A8,1)) | K8: =COUNTIFS(Task_Tracker!$F$5:$F$1004,Employee_Master!$B$6,Task_Tracker!$L$5:$L$1004,">="&$A8,Task_Tracker!$L$5:$L$1004,"<"&EDATE($A8,1),Task_Tracker!$I$5:$I$1004,"Completed") | L8: =SUMIFS(Task_Tracker!$O$5:$O$1004,Task_Tracker!$F$5:$F$1004,Employee_Master!$B$6,Task_Tracker!$L$5:$L$1004,">="&$A8,Task_Tracker!$L$5:$L$1004,"<"&EDATE($A8,1)) | M8: =COUNTIFS(Task_Tracker!$L$5:$L$1004,">="&$A8,Task_Tracker!$L$5:$L$1004,"<"&EDATE($A8,1),Task_Tracker!$I$5:$I$1004,"<>Completed",Task_Tracker!$I$5:$I$1004,"<>Cancelled")
A9: 46235 | B9: =TEXT(A9,"mmm yyyy") | C9: =COUNTIFS(Task_Tracker!$L$5:$L$1004,">="&$A9,Task_Tracker!$L$5:$L$1004,"<"&EDATE($A9,1),Task_Tracker!$A$5:$A$1004,"<>") | D9: =COUNTIFS(Task_Tracker!$L$5:$L$1004,">="&$A9,Task_Tracker!$L$5:$L$1004,"<"&EDATE($A9,1),Task_Tracker!$I$5:$I$1004,"Completed") | E9: =COUNTIFS(Task_Tracker!$L$5:$L$1004,"<"&$A9,Task_Tracker!$I$5:$I$1004,"<>Completed",Task_Tracker!$I$5:$I$1004,"<>Cancelled",Task_Tracker!$A$5:$A$1004,"<>") | F9: =SUMIFS(Task_Tracker!$O$5:$O$1004,Task_Tracker!$L$5:$L$1004,">="&$A9,Task_Tracker!$L$5:$L$1004,"<"&EDATE($A9,1)) | G9: =COUNTIFS(Task_Tracker!$F$5:$F$1004,Employee_Master!$B$5,Task_Tracker!$L$5:$L$1004,">="&$A9,Task_Tracker!$L$5:$L$1004,"<"&EDATE($A9,1)) | H9: =COUNTIFS(Task_Tracker!$F$5:$F$1004,Employee_Master!$B$5,Task_Tracker!$L$5:$L$1004,">="&$A9,Task_Tracker!$L$5:$L$1004,"<"&EDATE($A9,1),Task_Tracker!$I$5:$I$1004,"Completed") | I9: =SUMIFS(Task_Tracker!$O$5:$O$1004,Task_Tracker!$F$5:$F$1004,Employee_Master!$B$5,Task_Tracker!$L$5:$L$1004,">="&$A9,Task_Tracker!$L$5:$L$1004,"<"&EDATE($A9,1)) | J9: =COUNTIFS(Task_Tracker!$F$5:$F$1004,Employee_Master!$B$6,Task_Tracker!$L$5:$L$1004,">="&$A9,Task_Tracker!$L$5:$L$1004,"<"&EDATE($A9,1)) | K9: =COUNTIFS(Task_Tracker!$F$5:$F$1004,Employee_Master!$B$6,Task_Tracker!$L$5:$L$1004,">="&$A9,Task_Tracker!$L$5:$L$1004,"<"&EDATE($A9,1),Task_Tracker!$I$5:$I$1004,"Completed") | L9: =SUMIFS(Task_Tracker!$O$5:$O$1004,Task_Tracker!$F$5:$F$1004,Employee_Master!$B$6,Task_Tracker!$L$5:$L$1004,">="&$A9,Task_Tracker!$L$5:$L$1004,"<"&EDATE($A9,1)) | M9: =COUNTIFS(Task_Tracker!$L$5:$L$1004,">="&$A9,Task_Tracker!$L$5:$L$1004,"<"&EDATE($A9,1),Task_Tracker!$I$5:$I$1004,"<>Completed",Task_Tracker!$I$5:$I$1004,"<>Cancelled")
A10: 46266 | B10: =TEXT(A10,"mmm yyyy") | C10: =COUNTIFS(Task_Tracker!$L$5:$L$1004,">="&$A10,Task_Tracker!$L$5:$L$1004,"<"&EDATE($A10,1),Task_Tracker!$A$5:$A$1004,"<>") | D10: =COUNTIFS(Task_Tracker!$L$5:$L$1004,">="&$A10,Task_Tracker!$L$5:$L$1004,"<"&EDATE($A10,1),Task_Tracker!$I$5:$I$1004,"Completed") | E10: =COUNTIFS(Task_Tracker!$L$5:$L$1004,"<"&$A10,Task_Tracker!$I$5:$I$1004,"<>Completed",Task_Tracker!$I$5:$I$1004,"<>Cancelled",Task_Tracker!$A$5:$A$1004,"<>") | F10: =SUMIFS(Task_Tracker!$O$5:$O$1004,Task_Tracker!$L$5:$L$1004,">="&$A10,Task_Tracker!$L$5:$L$1004,"<"&EDATE($A10,1)) | G10: =COUNTIFS(Task_Tracker!$F$5:$F$1004,Employee_Master!$B$5,Task_Tracker!$L$5:$L$1004,">="&$A10,Task_Tracker!$L$5:$L$1004,"<"&EDATE($A10,1)) | H10: =COUNTIFS(Task_Tracker!$F$5:$F$1004,Employee_Master!$B$5,Task_Tracker!$L$5:$L$1004,">="&$A10,Task_Tracker!$L$5:$L$1004,"<"&EDATE($A10,1),Task_Tracker!$I$5:$I$1004,"Completed") | I10: =SUMIFS(Task_Tracker!$O$5:$O$1004,Task_Tracker!$F$5:$F$1004,Employee_Master!$B$5,Task_Tracker!$L$5:$L$1004,">="&$A10,Task_Tracker!$L$5:$L$1004,"<"&EDATE($A10,1)) | J10: =COUNTIFS(Task_Tracker!$F$5:$F$1004,Employee_Master!$B$6,Task_Tracker!$L$5:$L$1004,">="&$A10,Task_Tracker!$L$5:$L$1004,"<"&EDATE($A10,1)) | K10: =COUNTIFS(Task_Tracker!$F$5:$F$1004,Employee_Master!$B$6,Task_Tracker!$L$5:$L$1004,">="&$A10,Task_Tracker!$L$5:$L$1004,"<"&EDATE($A10,1),Task_Tracker!$I$5:$I$1004,"Completed") | L10: =SUMIFS(Task_Tracker!$O$5:$O$1004,Task_Tracker!$F$5:$F$1004,Employee_Master!$B$6,Task_Tracker!$L$5:$L$1004,">="&$A10,Task_Tracker!$L$5:$L$1004,"<"&EDATE($A10,1)) | M10: =COUNTIFS(Task_Tracker!$L$5:$L$1004,">="&$A10,Task_Tracker!$L$5:$L$1004,"<"&EDATE($A10,1),Task_Tracker!$I$5:$I$1004,"<>Completed",Task_Tracker!$I$5:$I$1004,"<>Cancelled")
A11: 46296 | B11: =TEXT(A11,"mmm yyyy") | C11: =COUNTIFS(Task_Tracker!$L$5:$L$1004,">="&$A11,Task_Tracker!$L$5:$L$1004,"<"&EDATE($A11,1),Task_Tracker!$A$5:$A$1004,"<>") | D11: =COUNTIFS(Task_Tracker!$L$5:$L$1004,">="&$A11,Task_Tracker!$L$5:$L$1004,"<"&EDATE($A11,1),Task_Tracker!$I$5:$I$1004,"Completed") | E11: =COUNTIFS(Task_Tracker!$L$5:$L$1004,"<"&$A11,Task_Tracker!$I$5:$I$1004,"<>Completed",Task_Tracker!$I$5:$I$1004,"<>Cancelled",Task_Tracker!$A$5:$A$1004,"<>") | F11: =SUMIFS(Task_Tracker!$O$5:$O$1004,Task_Tracker!$L$5:$L$1004,">="&$A11,Task_Tracker!$L$5:$L$1004,"<"&EDATE($A11,1)) | G11: =COUNTIFS(Task_Tracker!$F$5:$F$1004,Employee_Master!$B$5,Task_Tracker!$L$5:$L$1004,">="&$A11,Task_Tracker!$L$5:$L$1004,"<"&EDATE($A11,1)) | H11: =COUNTIFS(Task_Tracker!$F$5:$F$1004,Employee_Master!$B$5,Task_Tracker!$L$5:$L$1004,">="&$A11,Task_Tracker!$L$5:$L$1004,"<"&EDATE($A11,1),Task_Tracker!$I$5:$I$1004,"Completed") | I11: =SUMIFS(Task_Tracker!$O$5:$O$1004,Task_Tracker!$F$5:$F$1004,Employee_Master!$B$5,Task_Tracker!$L$5:$L$1004,">="&$A11,Task_Tracker!$L$5:$L$1004,"<"&EDATE($A11,1)) | J11: =COUNTIFS(Task_Tracker!$F$5:$F$1004,Employee_Master!$B$6,Task_Tracker!$L$5:$L$1004,">="&$A11,Task_Tracker!$L$5:$L$1004,"<"&EDATE($A11,1)) | K11: =COUNTIFS(Task_Tracker!$F$5:$F$1004,Employee_Master!$B$6,Task_Tracker!$L$5:$L$1004,">="&$A11,Task_Tracker!$L$5:$L$1004,"<"&EDATE($A11,1),Task_Tracker!$I$5:$I$1004,"Completed") | L11: =SUMIFS(Task_Tracker!$O$5:$O$1004,Task_Tracker!$F$5:$F$1004,Employee_Master!$B$6,Task_Tracker!$L$5:$L$1004,">="&$A11,Task_Tracker!$L$5:$L$1004,"<"&EDATE($A11,1)) | M11: =COUNTIFS(Task_Tracker!$L$5:$L$1004,">="&$A11,Task_Tracker!$L$5:$L$1004,"<"&EDATE($A11,1),Task_Tracker!$I$5:$I$1004,"<>Completed",Task_Tracker!$I$5:$I$1004,"<>Cancelled")
A12: 46327 | B12: =TEXT(A12,"mmm yyyy") | C12: =COUNTIFS(Task_Tracker!$L$5:$L$1004,">="&$A12,Task_Tracker!$L$5:$L$1004,"<"&EDATE($A12,1),Task_Tracker!$A$5:$A$1004,"<>") | D12: =COUNTIFS(Task_Tracker!$L$5:$L$1004,">="&$A12,Task_Tracker!$L$5:$L$1004,"<"&EDATE($A12,1),Task_Tracker!$I$5:$I$1004,"Completed") | E12: =COUNTIFS(Task_Tracker!$L$5:$L$1004,"<"&$A12,Task_Tracker!$I$5:$I$1004,"<>Completed",Task_Tracker!$I$5:$I$1004,"<>Cancelled",Task_Tracker!$A$5:$A$1004,"<>") | F12: =SUMIFS(Task_Tracker!$O$5:$O$1004,Task_Tracker!$L$5:$L$1004,">="&$A12,Task_Tracker!$L$5:$L$1004,"<"&EDATE($A12,1)) | G12: =COUNTIFS(Task_Tracker!$F$5:$F$1004,Employee_Master!$B$5,Task_Tracker!$L$5:$L$1004,">="&$A12,Task_Tracker!$L$5:$L$1004,"<"&EDATE($A12,1)) | H12: =COUNTIFS(Task_Tracker!$F$5:$F$1004,Employee_Master!$B$5,Task_Tracker!$L$5:$L$1004,">="&$A12,Task_Tracker!$L$5:$L$1004,"<"&EDATE($A12,1),Task_Tracker!$I$5:$I$1004,"Completed") | I12: =SUMIFS(Task_Tracker!$O$5:$O$1004,Task_Tracker!$F$5:$F$1004,Employee_Master!$B$5,Task_Tracker!$L$5:$L$1004,">="&$A12,Task_Tracker!$L$5:$L$1004,"<"&EDATE($A12,1)) | J12: =COUNTIFS(Task_Tracker!$F$5:$F$1004,Employee_Master!$B$6,Task_Tracker!$L$5:$L$1004,">="&$A12,Task_Tracker!$L$5:$L$1004,"<"&EDATE($A12,1)) | K12: =COUNTIFS(Task_Tracker!$F$5:$F$1004,Employee_Master!$B$6,Task_Tracker!$L$5:$L$1004,">="&$A12,Task_Tracker!$L$5:$L$1004,"<"&EDATE($A12,1),Task_Tracker!$I$5:$I$1004,"Completed") | L12: =SUMIFS(Task_Tracker!$O$5:$O$1004,Task_Tracker!$F$5:$F$1004,Employee_Master!$B$6,Task_Tracker!$L$5:$L$1004,">="&$A12,Task_Tracker!$L$5:$L$1004,"<"&EDATE($A12,1)) | M12: =COUNTIFS(Task_Tracker!$L$5:$L$1004,">="&$A12,Task_Tracker!$L$5:$L$1004,"<"&EDATE($A12,1),Task_Tracker!$I$5:$I$1004,"<>Completed",Task_Tracker!$I$5:$I$1004,"<>Cancelled")
A13: 46357 | B13: =TEXT(A13,"mmm yyyy") | C13: =COUNTIFS(Task_Tracker!$L$5:$L$1004,">="&$A13,Task_Tracker!$L$5:$L$1004,"<"&EDATE($A13,1),Task_Tracker!$A$5:$A$1004,"<>") | D13: =COUNTIFS(Task_Tracker!$L$5:$L$1004,">="&$A13,Task_Tracker!$L$5:$L$1004,"<"&EDATE($A13,1),Task_Tracker!$I$5:$I$1004,"Completed") | E13: =COUNTIFS(Task_Tracker!$L$5:$L$1004,"<"&$A13,Task_Tracker!$I$5:$I$1004,"<>Completed",Task_Tracker!$I$5:$I$1004,"<>Cancelled",Task_Tracker!$A$5:$A$1004,"<>") | F13: =SUMIFS(Task_Tracker!$O$5:$O$1004,Task_Tracker!$L$5:$L$1004,">="&$A13,Task_Tracker!$L$5:$L$1004,"<"&EDATE($A13,1)) | G13: =COUNTIFS(Task_Tracker!$F$5:$F$1004,Employee_Master!$B$5,Task_Tracker!$L$5:$L$1004,">="&$A13,Task_Tracker!$L$5:$L$1004,"<"&EDATE($A13,1)) | H13: =COUNTIFS(Task_Tracker!$F$5:$F$1004,Employee_Master!$B$5,Task_Tracker!$L$5:$L$1004,">="&$A13,Task_Tracker!$L$5:$L$1004,"<"&EDATE($A13,1),Task_Tracker!$I$5:$I$1004,"Completed") | I13: =SUMIFS(Task_Tracker!$O$5:$O$1004,Task_Tracker!$F$5:$F$1004,Employee_Master!$B$5,Task_Tracker!$L$5:$L$1004,">="&$A13,Task_Tracker!$L$5:$L$1004,"<"&EDATE($A13,1)) | J13: =COUNTIFS(Task_Tracker!$F$5:$F$1004,Employee_Master!$B$6,Task_Tracker!$L$5:$L$1004,">="&$A13,Task_Tracker!$L$5:$L$1004,"<"&EDATE($A13,1)) | K13: =COUNTIFS(Task_Tracker!$F$5:$F$1004,Employee_Master!$B$6,Task_Tracker!$L$5:$L$1004,">="&$A13,Task_Tracker!$L$5:$L$1004,"<"&EDATE($A13,1),Task_Tracker!$I$5:$I$1004,"Completed") | L13: =SUMIFS(Task_Tracker!$O$5:$O$1004,Task_Tracker!$F$5:$F$1004,Employee_Master!$B$6,Task_Tracker!$L$5:$L$1004,">="&$A13,Task_Tracker!$L$5:$L$1004,"<"&EDATE($A13,1)) | M13: =COUNTIFS(Task_Tracker!$L$5:$L$1004,">="&$A13,Task_Tracker!$L$5:$L$1004,"<"&EDATE($A13,1),Task_Tracker!$I$5:$I$1004,"<>Completed",Task_Tracker!$I$5:$I$1004,"<>Cancelled")
A14: 46388 | B14: =TEXT(A14,"mmm yyyy") | C14: =COUNTIFS(Task_Tracker!$L$5:$L$1004,">="&$A14,Task_Tracker!$L$5:$L$1004,"<"&EDATE($A14,1),Task_Tracker!$A$5:$A$1004,"<>") | D14: =COUNTIFS(Task_Tracker!$L$5:$L$1004,">="&$A14,Task_Tracker!$L$5:$L$1004,"<"&EDATE($A14,1),Task_Tracker!$I$5:$I$1004,"Completed") | E14: =COUNTIFS(Task_Tracker!$L$5:$L$1004,"<"&$A14,Task_Tracker!$I$5:$I$1004,"<>Completed",Task_Tracker!$I$5:$I$1004,"<>Cancelled",Task_Tracker!$A$5:$A$1004,"<>") | F14: =SUMIFS(Task_Tracker!$O$5:$O$1004,Task_Tracker!$L$5:$L$1004,">="&$A14,Task_Tracker!$L$5:$L$1004,"<"&EDATE($A14,1)) | G14: =COUNTIFS(Task_Tracker!$F$5:$F$1004,Employee_Master!$B$5,Task_Tracker!$L$5:$L$1004,">="&$A14,Task_Tracker!$L$5:$L$1004,"<"&EDATE($A14,1)) | H14: =COUNTIFS(Task_Tracker!$F$5:$F$1004,Employee_Master!$B$5,Task_Tracker!$L$5:$L$1004,">="&$A14,Task_Tracker!$L$5:$L$1004,"<"&EDATE($A14,1),Task_Tracker!$I$5:$I$1004,"Completed") | I14: =SUMIFS(Task_Tracker!$O$5:$O$1004,Task_Tracker!$F$5:$F$1004,Employee_Master!$B$5,Task_Tracker!$L$5:$L$1004,">="&$A14,Task_Tracker!$L$5:$L$1004,"<"&EDATE($A14,1)) | J14: =COUNTIFS(Task_Tracker!$F$5:$F$1004,Employee_Master!$B$6,Task_Tracker!$L$5:$L$1004,">="&$A14,Task_Tracker!$L$5:$L$1004,"<"&EDATE($A14,1)) | K14: =COUNTIFS(Task_Tracker!$F$5:$F$1004,Employee_Master!$B$6,Task_Tracker!$L$5:$L$1004,">="&$A14,Task_Tracker!$L$5:$L$1004,"<"&EDATE($A14,1),Task_Tracker!$I$5:$I$1004,"Completed") | L14: =SUMIFS(Task_Tracker!$O$5:$O$1004,Task_Tracker!$F$5:$F$1004,Employee_Master!$B$6,Task_Tracker!$L$5:$L$1004,">="&$A14,Task_Tracker!$L$5:$L$1004,"<"&EDATE($A14,1)) | M14: =COUNTIFS(Task_Tracker!$L$5:$L$1004,">="&$A14,Task_Tracker!$L$5:$L$1004,"<"&EDATE($A14,1),Task_Tracker!$I$5:$I$1004,"<>Completed",Task_Tracker!$I$5:$I$1004,"<>Cancelled")
A15: 46419 | B15: =TEXT(A15,"mmm yyyy") | C15: =COUNTIFS(Task_Tracker!$L$5:$L$1004,">="&$A15,Task_Tracker!$L$5:$L$1004,"<"&EDATE($A15,1),Task_Tracker!$A$5:$A$1004,"<>") | D15: =COUNTIFS(Task_Tracker!$L$5:$L$1004,">="&$A15,Task_Tracker!$L$5:$L$1004,"<"&EDATE($A15,1),Task_Tracker!$I$5:$I$1004,"Completed") | E15: =COUNTIFS(Task_Tracker!$L$5:$L$1004,"<"&$A15,Task_Tracker!$I$5:$I$1004,"<>Completed",Task_Tracker!$I$5:$I$1004,"<>Cancelled",Task_Tracker!$A$5:$A$1004,"<>") | F15: =SUMIFS(Task_Tracker!$O$5:$O$1004,Task_Tracker!$L$5:$L$1004,">="&$A15,Task_Tracker!$L$5:$L$1004,"<"&EDATE($A15,1)) | G15: =COUNTIFS(Task_Tracker!$F$5:$F$1004,Employee_Master!$B$5,Task_Tracker!$L$5:$L$1004,">="&$A15,Task_Tracker!$L$5:$L$1004,"<"&EDATE($A15,1)) | H15: =COUNTIFS(Task_Tracker!$F$5:$F$1004,Employee_Master!$B$5,Task_Tracker!$L$5:$L$1004,">="&$A15,Task_Tracker!$L$5:$L$1004,"<"&EDATE($A15,1),Task_Tracker!$I$5:$I$1004,"Completed") | I15: =SUMIFS(Task_Tracker!$O$5:$O$1004,Task_Tracker!$F$5:$F$1004,Employee_Master!$B$5,Task_Tracker!$L$5:$L$1004,">="&$A15,Task_Tracker!$L$5:$L$1004,"<"&EDATE($A15,1)) | J15: =COUNTIFS(Task_Tracker!$F$5:$F$1004,Employee_Master!$B$6,Task_Tracker!$L$5:$L$1004,">="&$A15,Task_Tracker!$L$5:$L$1004,"<"&EDATE($A15,1)) | K15: =COUNTIFS(Task_Tracker!$F$5:$F$1004,Employee_Master!$B$6,Task_Tracker!$L$5:$L$1004,">="&$A15,Task_Tracker!$L$5:$L$1004,"<"&EDATE($A15,1),Task_Tracker!$I$5:$I$1004,"Completed") | L15: =SUMIFS(Task_Tracker!$O$5:$O$1004,Task_Tracker!$F$5:$F$1004,Employee_Master!$B$6,Task_Tracker!$L$5:$L$1004,">="&$A15,Task_Tracker!$L$5:$L$1004,"<"&EDATE($A15,1)) | M15: =COUNTIFS(Task_Tracker!$L$5:$L$1004,">="&$A15,Task_Tracker!$L$5:$L$1004,"<"&EDATE($A15,1),Task_Tracker!$I$5:$I$1004,"<>Completed",Task_Tracker!$I$5:$I$1004,"<>Cancelled")
A16: 46447 | B16: =TEXT(A16,"mmm yyyy") | C16: =COUNTIFS(Task_Tracker!$L$5:$L$1004,">="&$A16,Task_Tracker!$L$5:$L$1004,"<"&EDATE($A16,1),Task_Tracker!$A$5:$A$1004,"<>") | D16: =COUNTIFS(Task_Tracker!$L$5:$L$1004,">="&$A16,Task_Tracker!$L$5:$L$1004,"<"&EDATE($A16,1),Task_Tracker!$I$5:$I$1004,"Completed") | E16: =COUNTIFS(Task_Tracker!$L$5:$L$1004,"<"&$A16,Task_Tracker!$I$5:$I$1004,"<>Completed",Task_Tracker!$I$5:$I$1004,"<>Cancelled",Task_Tracker!$A$5:$A$1004,"<>") | F16: =SUMIFS(Task_Tracker!$O$5:$O$1004,Task_Tracker!$L$5:$L$1004,">="&$A16,Task_Tracker!$L$5:$L$1004,"<"&EDATE($A16,1)) | G16: =COUNTIFS(Task_Tracker!$F$5:$F$1004,Employee_Master!$B$5,Task_Tracker!$L$5:$L$1004,">="&$A16,Task_Tracker!$L$5:$L$1004,"<"&EDATE($A16,1)) | H16: =COUNTIFS(Task_Tracker!$F$5:$F$1004,Employee_Master!$B$5,Task_Tracker!$L$5:$L$1004,">="&$A16,Task_Tracker!$L$5:$L$1004,"<"&EDATE($A16,1),Task_Tracker!$I$5:$I$1004,"Completed") | I16: =SUMIFS(Task_Tracker!$O$5:$O$1004,Task_Tracker!$F$5:$F$1004,Employee_Master!$B$5,Task_Tracker!$L$5:$L$1004,">="&$A16,Task_Tracker!$L$5:$L$1004,"<"&EDATE($A16,1)) | J16: =COUNTIFS(Task_Tracker!$F$5:$F$1004,Employee_Master!$B$6,Task_Tracker!$L$5:$L$1004,">="&$A16,Task_Tracker!$L$5:$L$1004,"<"&EDATE($A16,1)) | K16: =COUNTIFS(Task_Tracker!$F$5:$F$1004,Employee_Master!$B$6,Task_Tracker!$L$5:$L$1004,">="&$A16,Task_Tracker!$L$5:$L$1004,"<"&EDATE($A16,1),Task_Tracker!$I$5:$I$1004,"Completed") | L16: =SUMIFS(Task_Tracker!$O$5:$O$1004,Task_Tracker!$F$5:$F$1004,Employee_Master!$B$6,Task_Tracker!$L$5:$L$1004,">="&$A16,Task_Tracker!$L$5:$L$1004,"<"&EDATE($A16,1)) | M16: =COUNTIFS(Task_Tracker!$L$5:$L$1004,">="&$A16,Task_Tracker!$L$5:$L$1004,"<"&EDATE($A16,1),Task_Tracker!$I$5:$I$1004,"<>Completed",Task_Tracker!$I$5:$I$1004,"<>Cancelled")
A19: Use the monthly tabs for task-by-task detail and carry-forward lines.

Sheet Employee_Master
A1: Employee Master
A2: Add each employee once. Task assignments and reports use this sheet as the source list.
A4: Emp ID | B4: Employee Name | C4: Department | D4: Role | E4: Manager | F4: Email | G4: Join Date | H4: Weekly Capacity (hrs) | I4: Status | J4: Location | K4: Notes
A5: =IF(B5="","","EMP-"&TEXT(ROW()-4,"000")) | B5: Pammi Gaur | C5: Operations | D5: Project Coordinator | E5: Sara Khan | F5: pammi.gaur@company.com | G5: 45853 | H5: 40 | I5: Active | J5: Remote | K5: Owns operations execution, follow-ups, and client coordination.
A6: =IF(B6="","","EMP-"&TEXT(ROW()-4,"000")) | B6: Pankaj Vairagade | C6: Business Systems | D6: Business Analyst | E6: Sara Khan | F6: pankaj.vairagade@company.com | G6: 45600 | H6: 40 | I6: Active | J6: Bengaluru | K6: Handles reporting, audit prep, and process improvement work.
A7: =IF(B7="","","EMP-"&TEXT(ROW()-4,"000"))
A8: =IF(B8="","","EMP-"&TEXT(ROW()-4,"000"))
A9: =IF(B9="","","EMP-"&TEXT(ROW()-4,"000"))
A10: =IF(B10="","","EMP-"&TEXT(ROW()-4,"000"))
A11: =IF(B11="","","EMP-"&TEXT(ROW()-4,"000"))
A12: =IF(B12="","","EMP-"&TEXT(ROW()-4,"000"))
A13: =IF(B13="","","EMP-"&TEXT(ROW()-4,"000"))
A14: =IF(B14="","","EMP-"&TEXT(ROW()-4,"000"))
A15: =IF(B15="","","EMP-"&TEXT(ROW()-4,"000"))
A16: =IF(B16="","","EMP-"&TEXT(ROW()-4,"000"))
A17: =IF(B17="","","EMP-"&TEXT(ROW()-4,"000"))
A18: =IF(B18="","","EMP-"&TEXT(ROW()-4,"000"))
... A204: =IF(B204="","","EMP-"&TEXT(ROW()-4,"000"))

Sheet Task_Tracker
A1: Monthly Task Upload & Master Tracker
A2: Enter or edit all tasks here. Due Date drives the month-wise reporting tabs. Source, manager report status, and linked step IDs update automatically.
A4: Task ID | B4: Project | C4: Program | D4: Task Title | E4: Task Description | F4: Assigned To | G4: Department | H4: Priority | I4: Status | J4: Action Type | K4: Planned Start | L4: Due Date | M4: Completed Date | N4: Est. Hours | O4: Actual Hours | P4: Hours Variance | Q4: Days Open | R4: Overdue Flag | S4: Month Bucket | T4: Progress % | U4: Next Step | V4: Created Date | W4: On-Time Close | X4: Step Count | Y4: Step Completion % | Z4: Task Notes | AA4: Source | AB4: Manager | AC4: Manager Report | AD4: Linked Step IDs | AE4: Open Step Count | AF4: Project Key
A5: =IF(COUNTA(B5:F5)=0,"","TSK-"&TEXT(ROW()-4,"0000")) | B5: Customer Onboarding Revamp | C5: Implementation | D5: Collect client requirements | E5: Gather and confirm onboarding requirements with the client and internal operations team. | F5: Pammi Gaur | G5: =IF($F5="","",IFERROR(INDEX(Employee_Master!$C$5:$C$204,MATCH($F5,Employee_Master!$B$5:$B$204,0)),"")) | H5: High | I5: Completed | J5: =IF($I5="","",IFERROR(INDEX(Action_Status_Map!$B$5:$B$11,MATCH($I5,Action_Status_Map!$A$5:$A$11,0)),"")) | K5: 46113 | L5: 46117 | M5: 46116 | N5: 12 | O5: 11 | P5: =IF(OR($N5="",$O5=""),"",$O5-$N5) | Q5: =IF($K5="","",IF($M5<>"",$M5-$K5,TODAY()-$K5)) | R5: =IF(OR($L5="",$I5="Completed",$I5="Cancelled"),"",IF(AND($L5<TODAY(),$I5<>"Completed",$I5<>"Cancelled"),"Overdue","On Track")) | S5: =IF($L5="","",TEXT($L5,"yyyy-mm")) | T5: =IF($I5="","",IFERROR(INDEX(Action_Status_Map!$C$5:$C$11,MATCH($I5,Action_Status_Map!$A$5:$A$11,0)),"")) | U5: Archive signed scope and handoff to execution. | V5: 46112 | W5: =IF(OR($I5<>"Completed",$M5="",$L5=""),"",IF($M5<=$L5,"Yes","No")) | X5: =IF($A5="","",COUNTIF(Task_Steps!$B$5:$B$2004,$A5)) | Y5: =IF($X5=0,"",COUNTIFS(Task_Steps!$B$5:$B$2004,$A5,Task_Steps!$H$5:$H$2004,"Completed")/$X5) | Z5: Closed one day before deadline. | AA5: Client Request | AB5: =IF($F5="","",IFERROR(INDEX(Employee_Master!$E$5:$E$204,MATCH($F5,Employee_Master!$B$5:$B$204,0)),"")) | AC5: =IF(OR($A5="",$AB5=""),"",IF(OR($I5="Completed",$I5="Cancelled"),"Closed - in Manager Report","Active - in Manager Report")) | AD5: =IF($A5="","",IFERROR(TEXTJOIN(", ",TRUE,FILTER(Task_Steps!$A$5:$A$2004,Task_Steps!$B$5:$B$2004=$A5)),"")) | AE5: =IF($A5="","",COUNTIFS(Task_Steps!$B$5:$B$2004,$A5,Task_Steps!$H$5:$H$2004,"<>Completed",Task_Steps!$H$5:$H$2004,"<>Cancelled")) | AF5: =IF(OR($B5="",$A5=""),"",$B5&" | "&$A5)
A6: =IF(COUNTA(B6:F6)=0,"","TSK-"&TEXT(ROW()-4,"0000")) | B6: Customer Onboarding Revamp | C6: Implementation | D6: Build onboarding checklist | E6: Create the master checklist used for onboarding execution and internal QA. | F6: Pammi Gaur | G6: =IF($F6="","",IFERROR(INDEX(Employee_Master!$C$5:$C$204,MATCH($F6,Employee_Master!$B$5:$B$204,0)),"")) | H6: High | I6: In Progress | J6: =IF($I6="","",IFERROR(INDEX(Action_Status_Map!$B$5:$B$11,MATCH($I6,Action_Status_Map!$A$5:$A$11,0)),"")) | K6: 46118 | L6: 46124 | N6: 10 | O6: 6 | P6: =IF(OR($N6="",$O6=""),"",$O6-$N6) | Q6: =IF($K6="","",IF($M6<>"",$M6-$K6,TODAY()-$K6)) | R6: =IF(OR($L6="",$I6="Completed",$I6="Cancelled"),"",IF(AND($L6<TODAY(),$I6<>"Completed",$I6<>"Cancelled"),"Overdue","On Track")) | S6: =IF($L6="","",TEXT($L6,"yyyy-mm")) | T6: =IF($I6="","",IFERROR(INDEX(Action_Status_Map!$C$5:$C$11,MATCH($I6,Action_Status_Map!$A$5:$A$11,0)),"")) | U6: Finalize version 2 after operations review. | V6: 46117 | W6: =IF(OR($I6<>"Completed",$M6="",$L6=""),"",IF($M6<=$L6,"Yes","No")) | X6: =IF($A6="","",COUNTIF(Task_Steps!$B$5:$B$2004,$A6)) | Y6: =IF($X6=0,"",COUNTIFS(Task_Steps!$B$5:$B$2004,$A6,Task_Steps!$H$5:$H$2004,"Completed")/$X6) | Z6: Core delivery task for current week. | AA6: Operations Review | AB6: =IF($F6="","",IFERROR(INDEX(Employee_Master!$E$5:$E$204,MATCH($F6,Employee_Master!$B$5:$B$204,0)),"")) | AC6: =IF(OR($A6="",$AB6=""),"",IF(OR($I6="Completed",$I6="Cancelled"),"Closed - in Manager Report","Active - in Manager Report")) | AD6: =IF($A6="","",IFERROR(TEXTJOIN(", ",TRUE,FILTER(Task_Steps!$A$5:$A$2004,Task_Steps!$B$5:$B$2004=$A6)),"")) | AE6: =IF($A6="","",COUNTIFS(Task_Steps!$B$5:$B$2004,$A6,Task_Steps!$H$5:$H$2004,"<>Completed",Task_Steps!$H$5:$H$2004,"<>Cancelled")) | AF6: =IF(OR($B6="",$A6=""),"",$B6&" | "&$A6)
A7: =IF(COUNTA(B7:F7)=0,"","TSK-"&TEXT(ROW()-4,"0000")) | B7: Customer Onboarding Revamp | C7: Training | D7: Schedule client training sessions | E7: Coordinate training slots, attendees, and agenda for rollout. | F7: Pammi Gaur | G7: =IF($F7="","",IFERROR(INDEX(Employee_Master!$C$5:$C$204,MATCH($F7,Employee_Master!$B$5:$B$204,0)),"")) | H7: Medium | I7: Review | J7: =IF($I7="","",IFERROR(INDEX(Action_Status_Map!$B$5:$B$11,MATCH($I7,Action_Status_Map!$A$5:$A$11,0)),"")) | K7: 46120 | L7: 46126 | N7: 8 | O7: 7 | P7: =IF(OR($N7="",$O7=""),"",$O7-$N7) | Q7: =IF($K7="","",IF($M7<>"",$M7-$K7,TODAY()-$K7)) | R7: =IF(OR($L7="",$I7="Completed",$I7="Cancelled"),"",IF(AND($L7<TODAY(),$I7<>"Completed",$I7<>"Cancelled"),"Overdue","On Track")) | S7: =IF($L7="","",TEXT($L7,"yyyy-mm")) | T7: =IF($I7="","",IFERROR(INDEX(Action_Status_Map!$C$5:$C$11,MATCH($I7,Action_Status_Map!$A$5:$A$11,0)),"")) | U7: Await leadership approval for final schedule. | V7: 46119 | W7: =IF(OR($I7<>"Completed",$M7="",$L7=""),"",IF($M7<=$L7,"Yes","No")) | X7: =IF($A7="","",COUNTIF(Task_Steps!$B$5:$B$2004,$A7)) | Y7: =IF($X7=0,"",COUNTIFS(Task_Steps!$B$5:$B$2004,$A7,Task_Steps!$H$5:$H$2004,"Completed")/$X7) | Z7: Content ready; waiting on confirmation. | AA7: Leadership Follow-up | AB7: =IF($F7="","",IFERROR(INDEX(Employee_Master!$E$5:$E$204,MATCH($F7,Employee_Master!$B$5:$B$204,0)),"")) | AC7: =IF(OR($A7="",$AB7=""),"",IF(OR($I7="Completed",$I7="Cancelled"),"Closed - in Manager Report","Active - in Manager Report")) | AD7: =IF($A7="","",IFERROR(TEXTJOIN(", ",TRUE,FILTER(Task_Steps!$A$5:$A$2004,Task_Steps!$B$5:$B$2004=$A7)),"")) | AE7: =IF($A7="","",COUNTIFS(Task_Steps!$B$5:$B$2004,$A7,Task_Steps!$H$5:$H$2004,"<>Completed",Task_Steps!$H$5:$H$2004,"<>Cancelled")) | AF7: =IF(OR($B7="",$A7=""),"",$B7&" | "&$A7)
A8: =IF(COUNTA(B8:F8)=0,"","TSK-"&TEXT(ROW()-4,"0000")) | B8: Website Migration | C8: Operations | D8: Vendor coordination for content freeze | E8: Lock the final website content set and confirm the vendor freeze date. | F8: Pammi Gaur | G8: =IF($F8="","",IFERROR(INDEX(Employee_Master!$C$5:$C$204,MATCH($F8,Employee_Master!$B$5:$B$204,0)),"")) | H8: Critical | I8: Blocked | J8: =IF($I8="","",IFERROR(INDEX(Action_Status_Map!$B$5:$B$11,MATCH($I8,Action_Status_Map!$A$5:$A$11,0)),"")) | K8: 46115 | L8: 46120 | N8: 6 | O8: 3 | P8: =IF(OR($N8="",$O8=""),"",$O8-$N8) | Q8: =IF($K8="","",IF($M8<>"",$M8-$K8,TODAY()-$K8)) | R8: =IF(OR($L8="",$I8="Completed",$I8="Cancelled"),"",IF(AND($L8<TODAY(),$I8<>"Completed",$I8<>"Cancelled"),"Overdue","On Track")) | S8: =IF($L8="","",TEXT($L8,"yyyy-mm")) | T8: =IF($I8="","",IFERROR(INDEX(Action_Status_Map!$C$5:$C$11,MATCH($I8,Action_Status_Map!$A$5:$A$11,0)),"")) | U8: Need vendor approval to proceed. | V8: 46114 | W8: =IF(OR($I8<>"Completed",$M8="",$L8=""),"",IF($M8<=$L8,"Yes","No")) | X8: =IF($A8="","",COUNTIF(Task_Steps!$B$5:$B$2004,$A8)) | Y8: =IF($X8=0,"",COUNTIFS(Task_Steps!$B$5:$B$2004,$A8,Task_Steps!$H$5:$H$2004,"Completed")/$X8) | Z8: Blocked by external dependency; now overdue. | AA8: Vendor Dependency | AB8: =IF($F8="","",IFERROR(INDEX(Employee_Master!$E$5:$E$204,MATCH($F8,Employee_Master!$B$5:$B$204,0)),"")) | AC8: =IF(OR($A8="",$AB8=""),"",IF(OR($I8="Completed",$I8="Cancelled"),"Closed - in Manager Report","Active - in Manager Report")) | AD8: =IF($A8="","",IFERROR(TEXTJOIN(", ",TRUE,FILTER(Task_Steps!$A$5:$A$2004,Task_Steps!$B$5:$B$2004=$A8)),"")) | AE8: =IF($A8="","",COUNTIFS(Task_Steps!$B$5:$B$2004,$A8,Task_Steps!$H$5:$H$2004,"<>Completed",Task_Steps!$H$5:$H$2004,"<>Cancelled")) | AF8: =IF(OR($B8="",$A8=""),"",$B8&" | "&$A8)
A9: =IF(COUNTA(B9:F9)=0,"","TSK-"&TEXT(ROW()-4,"0000")) | B9: Customer Portal Launch | C9: Go-Live | D9: Prepare launch readiness checklist | E9: Prepare pre-launch readiness checks and stakeholder signoffs. | F9: Pammi Gaur | G9: =IF($F9="","",IFERROR(INDEX(Employee_Master!$C$5:$C$204,MATCH($F9,Employee_Master!$B$5:$B$204,0)),"")) | H9: High | I9: Not Started | J9: =IF($I9="","",IFERROR(INDEX(Action_Status_Map!$B$5:$B$11,MATCH($I9,Action_Status_Map!$A$5:$A$11,0)),"")) | K9: 46143 | L9: 46150 | N9: 7 | P9: =IF(OR($N9="",$O9=""),"",$O9-$N9) | Q9: =IF($K9="","",IF($M9<>"",$M9-$K9,TODAY()-$K9)) | R9: =IF(OR($L9="",$I9="Completed",$I9="Cancelled"),"",IF(AND($L9<TODAY(),$I9<>"Completed",$I9<>"Cancelled"),"Overdue","On Track")) | S9: =IF($L9="","",TEXT($L9,"yyyy-mm")) | T9: =IF($I9="","",IFERROR(INDEX(Action_Status_Map!$C$5:$C$11,MATCH($I9,Action_Status_Map!$A$5:$A$11,0)),"")) | U9: Kick off launch checklist in May. | V9: 46121 | W9: =IF(OR($I9<>"Completed",$M9="",$L9=""),"",IF($M9<=$L9,"Yes","No")) | X9: =IF($A9="","",COUNTIF(Task_Steps!$B$5:$B$2004,$A9)) | Y9: =IF($X9=0,"",COUNTIFS(Task_Steps!$B$5:$B$2004,$A9,Task_Steps!$H$5:$H$2004,"Completed")/$X9) | Z9: Upcoming task already planned. | AA9: Program Plan | AB9: =IF($F9="","",IFERROR(INDEX(Employee_Master!$E$5:$E$204,MATCH($F9,Employee_Master!$B$5:$B$204,0)),"")) | AC9: =IF(OR($A9="",$AB9=""),"",IF(OR($I9="Completed",$I9="Cancelled"),"Closed - in Manager Report","Active - in Manager Report")) | AD9: =IF($A9="","",IFERROR(TEXTJOIN(", ",TRUE,FILTER(Task_Steps!$A$5:$A$2004,Task_Steps!$B$5:$B$2004=$A9)),"")) | AE9: =IF($A9="","",COUNTIFS(Task_Steps!$B$5:$B$2004,$A9,Task_Steps!$H$5:$H$2004,"<>Completed",Task_Steps!$H$5:$H$2004,"<>Cancelled")) | AF9: =IF(OR($B9="",$A9=""),"",$B9&" | "&$A9)
A10: =IF(COUNTA(B10:F10)=0,"","TSK-"&TEXT(ROW()-4,"0000")) | B10: Website Migration | C10: Analytics | D10: Set up UAT defect log | E10: Create the testing log and owner matrix for website UAT. | F10: Pankaj Vairagade | G10: =IF($F10="","",IFERROR(INDEX(Employee_Master!$C$5:$C$204,MATCH($F10,Employee_Master!$B$5:$B$204,0)),"")) | H10: High | I10: Completed | J10: =IF($I10="","",IFERROR(INDEX(Action_Status_Map!$B$5:$B$11,MATCH($I10,Action_Status_Map!$A$5:$A$11,0)),"")) | K10: 46114 | L10: 46119 | M10: 46119 | N10: 9 | O10: 10 | P10: =IF(OR($N10="",$O10=""),"",$O10-$N10) | Q10: =IF($K10="","",IF($M10<>"",$M10-$K10,TODAY()-$K10)) | R10: =IF(OR($L10="",$I10="Completed",$I10="Cancelled"),"",IF(AND($L10<TODAY(),$I10<>"Completed",$I10<>"Cancelled"),"Overdue","On Track")) | S10: =IF($L10="","",TEXT($L10,"yyyy-mm")) | T10: =IF($I10="","",IFERROR(INDEX(Action_Status_Map!$C$5:$C$11,MATCH($I10,Action_Status_Map!$A$5:$A$11,0)),"")) | U10: Share closure summary with stakeholders. | V10: 46113 | W10: =IF(OR($I10<>"Completed",$M10="",$L10=""),"",IF($M10<=$L10,"Yes","No")) | X10: =IF($A10="","",COUNTIF(Task_Steps!$B$5:$B$2004,$A10)) | Y10: =IF($X10=0,"",COUNTIFS(Task_Steps!$B$5:$B$2004,$A10,Task_Steps!$H$5:$H$2004,"Completed")/$X10) | Z10: Completed on time with slight overrun. | AA10: Audit Request | AB10: =IF($F10="","",IFERROR(INDEX(Employee_Master!$E$5:$E$204,MATCH($F10,Employee_Master!$B$5:$B$204,0)),"")) | AC10: =IF(OR($A10="",$AB10=""),"",IF(OR($I10="Completed",$I10="Cancelled"),"Closed - in Manager Report","Active - in Manager Report")) | AD10: =IF($A10="","",IFERROR(TEXTJOIN(", ",TRUE,FILTER(Task_Steps!$A$5:$A$2004,Task_Steps!$B$5:$B$2004=$A10)),"")) | AE10: =IF($A10="","",COUNTIFS(Task_Steps!$B$5:$B$2004,$A10,Task_Steps!$H$5:$H$2004,"<>Completed",Task_Steps!$H$5:$H$2004,"<>Cancelled")) | AF10: =IF(OR($B10="",$A10=""),"",$B10&" | "&$A10)
A11: =IF(COUNTA(B11:F11)=0,"","TSK-"&TEXT(ROW()-4,"0000")) | B11: Website Migration | C11: Reporting | D11: Create weekly progress dashboard | E11: Build the weekly dashboard showing delivery, defects, and risks. | F11: Pankaj Vairagade | G11: =IF($F11="","",IFERROR(INDEX(Employee_Master!$C$5:$C$204,MATCH($F11,Employee_Master!$B$5:$B$204,0)),"")) | H11: Critical | I11: In Progress | J11: =IF($I11="","",IFERROR(INDEX(Action_Status_Map!$B$5:$B$11,MATCH($I11,Action_Status_Map!$A$5:$A$11,0)),"")) | K11: 46117 | L11: 46127 | N11: 14 | O11: 9 | P11: =IF(OR($N11="",$O11=""),"",$O11-$N11) | Q11: =IF($K11="","",IF($M11<>"",$M11-$K11,TODAY()-$K11)) | R11: =IF(OR($L11="",$I11="Completed",$I11="Cancelled"),"",IF(AND($L11<TODAY(),$I11<>"Completed",$I11<>"Cancelled"),"Overdue","On Track")) | S11: =IF($L11="","",TEXT($L11,"yyyy-mm")) | T11: =IF($I11="","",IFERROR(INDEX(Action_Status_Map!$C$5:$C$11,MATCH($I11,Action_Status_Map!$A$5:$A$11,0)),"")) | U11: Add leadership metrics and QA final formulas. | V11: 46116 | W11: =IF(OR($I11<>"Completed",$M11="",$L11=""),"",IF($M11<=$L11,"Yes","No")) | X11: =IF($A11="","",COUNTIF(Task_Steps!$B$5:$B$2004,$A11)) | Y11: =IF($X11=0,"",COUNTIFS(Task_Steps!$B$5:$B$2004,$A11,Task_Steps!$H$5:$H$2004,"Completed")/$X11) | Z11: High-visibility reporting deliverable. | AA11: Internal Compliance | AB11: =IF($F11="","",IFERROR(INDEX(Employee_Master!$E$5:$E$204,MATCH($F11,Employee_Master!$B$5:$B$204,0)),"")) | AC11: =IF(OR($A11="",$AB11=""),"",IF(OR($I11="Completed",$I11="Cancelled"),"Closed - in Manager Report","Active - in Manager Report")) | AD11: =IF($A11="","",IFERROR(TEXTJOIN(", ",TRUE,FILTER(Task_Steps!$A$5:$A$2004,Task_Steps!$B$5:$B$2004=$A11)),"")) | AE11: =IF($A11="","",COUNTIFS(Task_Steps!$B$5:$B$2004,$A11,Task_Steps!$H$5:$H$2004,"<>Completed",Task_Steps!$H$5:$H$2004,"<>Cancelled")) | AF11: =IF(OR($B11="",$A11=""),"",$B11&" | "&$A11)
A12: =IF(COUNTA(B12:F12)=0,"","TSK-"&TEXT(ROW()-4,"0000")) | B12: Q2 Compliance Audit | C12: Documentation | D12: Compile policy evidence pack | E12: Collect policies, approvals, and evidence files for audit review. | F12: Pankaj Vairagade | G12: =IF($F12="","",IFERROR(INDEX(Employee_Master!$C$5:$C$204,MATCH($F12,Employee_Master!$B$5:$B$204,0)),"")) | H12: Critical | I12: On Hold | J12: =IF($I12="","",IFERROR(INDEX(Action_Status_Map!$B$5:$B$11,MATCH($I12,Action_Status_Map!$A$5:$A$11,0)),"")) | K12: 46116 | L12: 46122 | N12: 16 | O12: 5 | P12: =IF(OR($N12="",$O12=""),"",$O12-$N12) | Q12: =IF($K12="","",IF($M12<>"",$M12-$K12,TODAY()-$K12)) | R12: =IF(OR($L12="",$I12="Completed",$I12="Cancelled"),"",IF(AND($L12<TODAY(),$I12<>"Completed",$I12<>"Cancelled"),"Overdue","On Track")) | S12: =IF($L12="","",TEXT($L12,"yyyy-mm")) | T12: =IF($I12="","",IFERROR(INDEX(Action_Status_Map!$C$5:$C$11,MATCH($I12,Action_Status_Map!$A$5:$A$11,0)),"")) | U12: Waiting for legal documents before pack can be completed. | V12: 46115 | W12: =IF(OR($I12<>"Completed",$M12="",$L12=""),"",IF($M12<=$L12,"Yes","No")) | X12: =IF($A12="","",COUNTIF(Task_Steps!$B$5:$B$2004,$A12)) | Y12: =IF($X12=0,"",COUNTIFS(Task_Steps!$B$5:$B$2004,$A12,Task_Steps!$H$5:$H$2004,"Completed")/$X12) | Z12: Paused pending legal input. | AA12: System Improvement | AB12: =IF($F12="","",IFERROR(INDEX(Employee_Master!$E$5:$E$204,MATCH($F12,Employee_Master!$B$5:$B$204,0)),"")) | AC12: =IF(OR($A12="",$AB12=""),"",IF(OR($I12="Completed",$I12="Cancelled"),"Closed - in Manager Report","Active - in Manager Report")) | AD12: =IF($A12="","",IFERROR(TEXTJOIN(", ",TRUE,FILTER(Task_Steps!$A$5:$A$2004,Task_Steps!$B$5:$B$2004=$A12)),"")) | AE12: =IF($A12="","",COUNTIFS(Task_Steps!$B$5:$B$2004,$A12,Task_Steps!$H$5:$H$2004,"<>Completed",Task_Steps!$H$5:$H$2004,"<>Cancelled")) | AF12: =IF(OR($B12="",$A12=""),"",$B12&" | "&$A12)
A13: =IF(COUNTA(B13:F13)=0,"","TSK-"&TEXT(ROW()-4,"0000")) | B13: Q2 Compliance Audit | C13: Automation | D13: Automate control checklist | E13: Turn the manual compliance checklist into a reusable controlled template. | F13: Pankaj Vairagade | G13: =IF($F13="","",IFERROR(INDEX(Employee_Master!$C$5:$C$204,MATCH($F13,Employee_Master!$B$5:$B$204,0)),"")) | H13: Medium | I13: Not Started | J13: =IF($I13="","",IFERROR(INDEX(Action_Status_Map!$B$5:$B$11,MATCH($I13,Action_Status_Map!$A$5:$A$11,0)),"")) | K13: 46123 | L13: 46134 | N13: 18 | P13: =IF(OR($N13="",$O13=""),"",$O13-$N13) | Q13: =IF($K13="","",IF($M13<>"",$M13-$K13,TODAY()-$K13)) | R13: =IF(OR($L13="",$I13="Completed",$I13="Cancelled"),"",IF(AND($L13<TODAY(),$I13<>"Completed",$I13<>"Cancelled"),"Overdue","On Track")) | S13: =IF($L13="","",TEXT($L13,"yyyy-mm")) | T13: =IF($I13="","",IFERROR(INDEX(Action_Status_Map!$C$5:$C$11,MATCH($I13,Action_Status_Map!$A$5:$A$11,0)),"")) | U13: Kick off automation design with IT. | V13: 46121 | W13: =IF(OR($I13<>"Completed",$M13="",$L13=""),"",IF($M13<=$L13,"Yes","No")) | X13: =IF($A13="","",COUNTIF(Task_Steps!$B$5:$B$2004,$A13)) | Y13: =IF($X13=0,"",COUNTIFS(Task_Steps!$B$5:$B$2004,$A13,Task_Steps!$H$5:$H$2004,"Completed")/$X13) | Z13: Planned for later this month. | AA13: Management Review | AB13: =IF($F13="","",IFERROR(INDEX(Employee_Master!$E$5:$E$204,MATCH($F13,Employee_Master!$B$5:$B$204,0)),"")) | AC13: =IF(OR($A13="",$AB13=""),"",IF(OR($I13="Completed",$I13="Cancelled"),"Closed - in Manager Report","Active - in Manager Report")) | AD13: =IF($A13="","",IFERROR(TEXTJOIN(", ",TRUE,FILTER(Task_Steps!$A$5:$A$2004,Task_Steps!$B$5:$B$2004=$A13)),"")) | AE13: =IF($A13="","",COUNTIFS(Task_Steps!$B$5:$B$2004,$A13,Task_Steps!$H$5:$H$2004,"<>Completed",Task_Steps!$H$5:$H$2004,"<>Cancelled")) | AF13: =IF(OR($B13="",$A13=""),"",$B13&" | "&$A13)
A14: =IF(COUNTA(B14:F14)=0,"","TSK-"&TEXT(ROW()-4,"0000")) | B14: Process Excellence | C14: Reporting | D14: Monthly KPI workbook cleanup | E14: Clean tabs, formulas, and broken links in the KPI workbook. | F14: Pankaj Vairagade | G14: =IF($F14="","",IFERROR(INDEX(Employee_Master!$C$5:$C$204,MATCH($F14,Employee_Master!$B$5:$B$204,0)),"")) | H14: Low | I14: Completed | J14: =IF($I14="","",IFERROR(INDEX(Action_Status_Map!$B$5:$B$11,MATCH($I14,Action_Status_Map!$A$5:$A$11,0)),"")) | K14: 46105 | L14: 46110 | M14: 46109 | N14: 5 | O14: 4 | P14: =IF(OR($N14="",$O14=""),"",$O14-$N14) | Q14: =IF($K14="","",IF($M14<>"",$M14-$K14,TODAY()-$K14)) | R14: =IF(OR($L14="",$I14="Completed",$I14="Cancelled"),"",IF(AND($L14<TODAY(),$I14<>"Completed",$I14<>"Cancelled"),"Overdue","On Track")) | S14: =IF($L14="","",TEXT($L14,"yyyy-mm")) | T14: =IF($I14="","",IFERROR(INDEX(Action_Status_Map!$C$5:$C$11,MATCH($I14,Action_Status_Map!$A$5:$A$11,0)),"")) | U14: Archive previous version and publish final file. | V14: 46104 | W14: =IF(OR($I14<>"Completed",$M14="",$L14=""),"",IF($M14<=$L14,"Yes","No")) | X14: =IF($A14="","",COUNTIF(Task_Steps!$B$5:$B$2004,$A14)) | Y14: =IF($X14=0,"",COUNTIFS(Task_Steps!$B$5:$B$2004,$A14,Task_Steps!$H$5:$H$2004,"Completed")/$X14) | Z14: Closed early with clean handoff. | AA14: Recurring Reporting | AB14: =IF($F14="","",IFERROR(INDEX(Employee_Master!$E$5:$E$204,MATCH($F14,Employee_Master!$B$5:$B$204,0)),"")) | AC14: =IF(OR($A14="",$AB14=""),"",IF(OR($I14="Completed",$I14="Cancelled"),"Closed - in Manager Report","Active - in Manager Report")) | AD14: =IF($A14="","",IFERROR(TEXTJOIN(", ",TRUE,FILTER(Task_Steps!$A$5:$A$2004,Task_Steps!$B$5:$B$2004=$A14)),"")) | AE14: =IF($A14="","",COUNTIFS(Task_Steps!$B$5:$B$2004,$A14,Task_Steps!$H$5:$H$2004,"<>Completed",Task_Steps!$H$5:$H$2004,"<>Cancelled")) | AF14: =IF(OR($B14="",$A14=""),"",$B14&" | "&$A14)
A15: =IF(COUNTA(B15:F15)=0,"","TSK-"&TEXT(ROW()-4,"0000")) | B15: Customer Portal Launch | C15: UAT | D15: Complete UAT signoff pack | E15: Compile test evidence, approvals, and release notes for signoff. | F15: Pammi Gaur | G15: =IF($F15="","",IFERROR(INDEX(Employee_Master!$C$5:$C$204,MATCH($F15,Employee_Master!$B$5:$B$204,0)),"")) | H15: High | I15: Completed | J15: =IF($I15="","",IFERROR(INDEX(Action_Status_Map!$B$5:$B$11,MATCH($I15,Action_Status_Map!$A$5:$A$11,0)),"")) | K15: 46151 | L15: 46162 | M15: 46161 | N15: 8 | O15: 9 | P15: =IF(OR($N15="",$O15=""),"",$O15-$N15) | Q15: =IF($K15="","",IF($M15<>"",$M15-$K15,TODAY()-$K15)) | R15: =IF(OR($L15="",$I15="Completed",$I15="Cancelled"),"",IF(AND($L15<TODAY(),$I15<>"Completed",$I15<>"Cancelled"),"Overdue","On Track")) | S15: =IF($L15="","",TEXT($L15,"yyyy-mm")) | T15: =IF($I15="","",IFERROR(INDEX(Action_Status_Map!$C$5:$C$11,MATCH($I15,Action_Status_Map!$A$5:$A$11,0)),"")) | U15: Share the final signoff pack with the sponsor team. | V15: 46150 | W15: =IF(OR($I15<>"Completed",$M15="",$L15=""),"",IF($M15<=$L15,"Yes","No")) | X15: =IF($A15="","",COUNTIF(Task_Steps!$B$5:$B$2004,$A15)) | Y15: =IF($X15=0,"",COUNTIFS(Task_Steps!$B$5:$B$2004,$A15,Task_Steps!$H$5:$H$2004,"Completed")/$X15) | Z15: Completed one day early with minor extra effort. | AA15: Client Escalation | AB15: =IF($F15="","",IFERROR(INDEX(Employee_Master!$E$5:$E$204,MATCH($F15,Employee_Master!$B$5:$B$204,0)),"")) | AC15: =IF(OR($A15="",$AB15=""),"",IF(OR($I15="Completed",$I15="Cancelled"),"Closed - in Manager Report","Active - in Manager Report")) | AD15: =IF($A15="","",IFERROR(TEXTJOIN(", ",TRUE,FILTER(Task_Steps!$A$5:$A$2004,Task_Steps!$B$5:$B$2004=$A15)),"")) | AE15: =IF($A15="","",COUNTIFS(Task_Steps!$B$5:$B$2004,$A15,Task_Steps!$H$5:$H$2004,"<>Completed",Task_Steps!$H$5:$H$2004,"<>Cancelled")) | AF15: =IF(OR($B15="",$A15=""),"",$B15&" | "&$A15)
A16: =IF(COUNTA(B16:F16)=0,"","TSK-"&TEXT(ROW()-4,"0000")) | B16: Vendor Migration | C16: Planning | D16: Finalize migration cutover checklist | E16: Prepare the final cutover checklist covering owners, timings, and rollback plan. | F16: Pammi Gaur | G16: =IF($F16="","",IFERROR(INDEX(Employee_Master!$C$5:$C$204,MATCH($F16,Employee_Master!$B$5:$B$204,0)),"")) | H16: Critical | I16: In Progress | J16: =IF($I16="","",IFERROR(INDEX(Action_Status_Map!$B$5:$B$11,MATCH($I16,Action_Status_Map!$A$5:$A$11,0)),"")) | K16: 46174 | L16: 46179 | N16: 10 | O16: 4 | P16: =IF(OR($N16="",$O16=""),"",$O16-$N16) | Q16: =IF($K16="","",IF($M16<>"",$M16-$K16,TODAY()-$K16)) | R16: =IF(OR($L16="",$I16="Completed",$I16="Cancelled"),"",IF(AND($L16<TODAY(),$I16<>"Completed",$I16<>"Cancelled"),"Overdue","On Track")) | S16: =IF($L16="","",TEXT($L16,"yyyy-mm")) | T16: =IF($I16="","",IFERROR(INDEX(Action_Status_Map!$C$5:$C$11,MATCH($I16,Action_Status_Map!$A$5:$A$11,0)),"")) | U16: Collect final approvals from infra and vendor teams. | V16: 46171 | W16: =IF(OR($I16<>"Completed",$M16="",$L16=""),"",IF($M16<=$L16,"Yes","No")) | X16: =IF($A16="","",COUNTIF(Task_Steps!$B$5:$B$2004,$A16)) | Y16: =IF($X16=0,"",COUNTIFS(Task_Steps!$B$5:$B$2004,$A16,Task_Steps!$H$5:$H$2004,"Completed")/$X16) | Z16: Key June deliverable now in progress. | AA16: Change Request | AB16: =IF($F16="","",IFERROR(INDEX(Employee_Master!$E$5:$E$204,MATCH($F16,Employee_Master!$B$5:$B$204,0)),"")) | AC16: =IF(OR($A16="",$AB16=""),"",IF(OR($I16="Completed",$I16="Cancelled"),"Closed - in Manager Report","Active - in Manager Report")) | AD16: =IF($A16="","",IFERROR(TEXTJOIN(", ",TRUE,FILTER(Task_Steps!$A$5:$A$2004,Task_Steps!$B$5:$B$2004=$A16)),"")) | AE16: =IF($A16="","",COUNTIFS(Task_Steps!$B$5:$B$2004,$A16,Task_Steps!$H$5:$H$2004,"<>Completed",Task_Steps!$H$5:$H$2004,"<>Cancelled")) | AF16: =IF(OR($B16="",$A16=""),"",$B16&" | "&$A16)
A17: =IF(COUNTA(B17:F17)=0,"","TSK-"&TEXT(ROW()-4,"0000")) | B17: Q2 Compliance Audit | C17: Reporting | D17: Prepare audit dashboard pack | E17: Create management-facing dashboard pack for the internal audit review. | F17: Pankaj Vairagade | G17: =IF($F17="","",IFERROR(INDEX(Employee_Master!$C$5:$C$204,MATCH($F17,Employee_Master!$B$5:$B$204,0)),"")) | H17: High | I17: Review | J17: =IF($I17="","",IFERROR(INDEX(Action_Status_Map!$B$5:$B$11,MATCH($I17,Action_Status_Map!$A$5:$A$11,0)),"")) | K17: 46156 | L17: 46167 | N17: 11 | O17: 10 | P17: =IF(OR($N17="",$O17=""),"",$O17-$N17) | Q17: =IF($K17="","",IF($M17<>"",$M17-$K17,TODAY()-$K17)) | R17: =IF(OR($L17="",$I17="Completed",$I17="Cancelled"),"",IF(AND($L17<TODAY(),$I17<>"Completed",$I17<>"Cancelled"),"Overdue","On Track")) | S17: =IF($L17="","",TEXT($L17,"yyyy-mm")) | T17: =IF($I17="","",IFERROR(INDEX(Action_Status_Map!$C$5:$C$11,MATCH($I17,Action_Status_Map!$A$5:$A$11,0)),"")) | U17: Incorporate reviewer comments and freeze final charts. | V17: 46155 | W17: =IF(OR($I17<>"Completed",$M17="",$L17=""),"",IF($M17<=$L17,"Yes","No")) | X17: =IF($A17="","",COUNTIF(Task_Steps!$B$5:$B$2004,$A17)) | Y17: =IF($X17=0,"",COUNTIFS(Task_Steps!$B$5:$B$2004,$A17,Task_Steps!$H$5:$H$2004,"Completed")/$X17) | Z17: Draft prepared and under review. | AA17: Finance Audit | AB17: =IF($F17="","",IFERROR(INDEX(Employee_Master!$E$5:$E$204,MATCH($F17,Employee_Master!$B$5:$B$204,0)),"")) | AC17: =IF(OR($A17="",$AB17=""),"",IF(OR($I17="Completed",$I17="Cancelled"),"Closed - in Manager Report","Active - in Manager Report")) | AD17: =IF($A17="","",IFERROR(TEXTJOIN(", ",TRUE,FILTER(Task_Steps!$A$5:$A$2004,Task_Steps!$B$5:$B$2004=$A17)),"")) | AE17: =IF($A17="","",COUNTIFS(Task_Steps!$B$5:$B$2004,$A17,Task_Steps!$H$5:$H$2004,"<>Completed",Task_Steps!$H$5:$H$2004,"<>Cancelled")) | AF17: =IF(OR($B17="",$A17=""),"",$B17&" | "&$A17)
A18: =IF(COUNTA(B18:F18)=0,"","TSK-"&TEXT(ROW()-4,"0000")) | B18: Process Excellence | C18: Documentation | D18: Publish SOP version 2 | E18: Update the SOP document with revised controls, examples, and approval history. | F18: Pankaj Vairagade | G18: =IF($F18="","",IFERROR(INDEX(Employee_Master!$C$5:$C$204,MATCH($F18,Employee_Master!$B$5:$B$204,0)),"")) | H18: Medium | I18: Not Started | J18: =IF($I18="","",IFERROR(INDEX(Action_Status_Map!$B$5:$B$11,MATCH($I18,Action_Status_Map!$A$5:$A$11,0)),"")) | K18: 46176 | L18: 46183 | N18: 12 | P18: =IF(OR($N18="",$O18=""),"",$O18-$N18) | Q18: =IF($K18="","",IF($M18<>"",$M18-$K18,TODAY()-$K18)) | R18: =IF(OR($L18="",$I18="Completed",$I18="Cancelled"),"",IF(AND($L18<TODAY(),$I18<>"Completed",$I18<>"Cancelled"),"Overdue","On Track")) | S18: =IF($L18="","",TEXT($L18,"yyyy-mm")) | T18: =IF($I18="","",IFERROR(INDEX(Action_Status_Map!$C$5:$C$11,MATCH($I18,Action_Status_Map!$A$5:$A$11,0)),"")) | U18: Kick off the draft update and collect stakeholder comments. | V18: 46174 | W18: =IF(OR($I18<>"Completed",$M18="",$L18=""),"",IF($M18<=$L18,"Yes","No")) | X18: =IF($A18="","",COUNTIF(Task_Steps!$B$5:$B$2004,$A18)) | Y18: =IF($X18=0,"",COUNTIFS(Task_Steps!$B$5:$B$2004,$A18,Task_Steps!$H$5:$H$2004,"Completed")/$X18) | Z18: Planned June documentation task. | AA18: Monthly Review | AB18: =IF($F18="","",IFERROR(INDEX(Employee_Master!$E$5:$E$204,MATCH($F18,Employee_Master!$B$5:$B$204,0)),"")) | AC18: =IF(OR($A18="",$AB18=""),"",IF(OR($I18="Completed",$I18="Cancelled"),"Closed - in Manager Report","Active - in Manager Report")) | AD18: =IF($A18="","",IFERROR(TEXTJOIN(", ",TRUE,FILTER(Task_Steps!$A$5:$A$2004,Task_Steps!$B$5:$B$2004=$A18)),"")) | AE18: =IF($A18="","",COUNTIFS(Task_Steps!$B$5:$B$2004,$A18,Task_Steps!$H$5:$H$2004,"<>Completed",Task_Steps!$H$5:$H$2004,"<>Cancelled")) | AF18: =IF(OR($B18="",$A18=""),"",$B18&" | "&$A18)
A19: =IF(COUNTA(B19:F19)=0,"","TSK-"&TEXT(ROW()-4,"0000")) | B19: Customer Portal Launch | C19: Go-Live | D19: Run go-live readiness review | E19: Review cutover readiness, dependencies, and final launch risk tracker. | F19: Pammi Gaur | G19: =IF($F19="","",IFERROR(INDEX(Employee_Master!$C$5:$C$204,MATCH($F19,Employee_Master!$B$5:$B$204,0)),"")) | H19: High | I19: Not Started | J19: =IF($I19="","",IFERROR(INDEX(Action_Status_Map!$B$5:$B$11,MATCH($I19,Action_Status_Map!$A$5:$A$11,0)),"")) | K19: 46204 | L19: 46208 | N19: 7 | P19: =IF(OR($N19="",$O19=""),"",$O19-$N19) | Q19: =IF($K19="","",IF($M19<>"",$M19-$K19,TODAY()-$K19)) | R19: =IF(OR($L19="",$I19="Completed",$I19="Cancelled"),"",IF(AND($L19<TODAY(),$I19<>"Completed",$I19<>"Cancelled"),"Overdue","On Track")) | S19: =IF($L19="","",TEXT($L19,"yyyy-mm")) | T19: =IF($I19="","",IFERROR(INDEX(Action_Status_Map!$C$5:$C$11,MATCH($I19,Action_Status_Map!$A$5:$A$11,0)),"")) | U19: Start the launch readiness meeting pack. | V19: 46200 | W19: =IF(OR($I19<>"Completed",$M19="",$L19=""),"",IF($M19<=$L19,"Yes","No")) | X19: =IF($A19="","",COUNTIF(Task_Steps!$B$5:$B$2004,$A19)) | Y19: =IF($X19=0,"",COUNTIFS(Task_Steps!$B$5:$B$2004,$A19,Task_Steps!$H$5:$H$2004,"Completed")/$X19) | Z19: July go-live checkpoint. | AA19: Implementation Plan | AB19: =IF($F19="","",IFERROR(INDEX(Employee_Master!$E$5:$E$204,MATCH($F19,Employee_Master!$B$5:$B$204,0)),"")) | AC19: =IF(OR($A19="",$AB19=""),"",IF(OR($I19="Completed",$I19="Cancelled"),"Closed - in Manager Report","Active - in Manager Report")) | AD19: =IF($A19="","",IFERROR(TEXTJOIN(", ",TRUE,FILTER(Task_Steps!$A$5:$A$2004,Task_Steps!$B$5:$B$2004=$A19)),"")) | AE19: =IF($A19="","",COUNTIFS(Task_Steps!$B$5:$B$2004,$A19,Task_Steps!$H$5:$H$2004,"<>Completed",Task_Steps!$H$5:$H$2004,"<>Cancelled")) | AF19: =IF(OR($B19="",$A19=""),"",$B19&" | "&$A19)
A20: =IF(COUNTA(B20:F20)=0,"","TSK-"&TEXT(ROW()-4,"0000")) | B20: Board Reporting | C20: Automation | D20: Automate monthly board deck checks | E20: Automate data validations and QA checks before board deck publication. | F20: Pankaj Vairagade | G20: =IF($F20="","",IFERROR(INDEX(Employee_Master!$C$5:$C$204,MATCH($F20,Employee_Master!$B$5:$B$204,0)),"")) | H20: Critical | I20: On Hold | J20: =IF($I20="","",IFERROR(INDEX(Action_Status_Map!$B$5:$B$11,MATCH($I20,Action_Status_Map!$A$5:$A$11,0)),"")) | K20: 46209 | L20: 46218 | N20: 15 | O20: 3 | P20: =IF(OR($N20="",$O20=""),"",$O20-$N20) | Q20: =IF($K20="","",IF($M20<>"",$M20-$K20,TODAY()-$K20)) | R20: =IF(OR($L20="",$I20="Completed",$I20="Cancelled"),"",IF(AND($L20<TODAY(),$I20<>"Completed",$I20<>"Cancelled"),"Overdue","On Track")) | S20: =IF($L20="","",TEXT($L20,"yyyy-mm")) | T20: =IF($I20="","",IFERROR(INDEX(Action_Status_Map!$C$5:$C$11,MATCH($I20,Action_Status_Map!$A$5:$A$11,0)),"")) | U20: Resume once data source mapping is approved. | V20: 46207 | W20: =IF(OR($I20<>"Completed",$M20="",$L20=""),"",IF($M20<=$L20,"Yes","No")) | X20: =IF($A20="","",COUNTIF(Task_Steps!$B$5:$B$2004,$A20)) | Y20: =IF($X20=0,"",COUNTIFS(Task_Steps!$B$5:$B$2004,$A20,Task_Steps!$H$5:$H$2004,"Completed")/$X20) | Z20: Paused pending upstream data mapping. | AA20: Quality Check | AB20: =IF($F20="","",IFERROR(INDEX(Employee_Master!$E$5:$E$204,MATCH($F20,Employee_Master!$B$5:$B$204,0)),"")) | AC20: =IF(OR($A20="",$AB20=""),"",IF(OR($I20="Completed",$I20="Cancelled"),"Closed - in Manager Report","Active - in Manager Report")) | AD20: =IF($A20="","",IFERROR(TEXTJOIN(", ",TRUE,FILTER(Task_Steps!$A$5:$A$2004,Task_Steps!$B$5:$B$2004=$A20)),"")) | AE20: =IF($A20="","",COUNTIFS(Task_Steps!$B$5:$B$2004,$A20,Task_Steps!$H$5:$H$2004,"<>Completed",Task_Steps!$H$5:$H$2004,"<>Cancelled")) | AF20: =IF(OR($B20="",$A20=""),"",$B20&" | "&$A20)
A21: =IF(COUNTA(B21:F21)=0,"","TSK-"&TEXT(ROW()-4,"0000")) | G21: =IF($F21="","",IFERROR(INDEX(Employee_Master!$C$5:$C$204,MATCH($F21,Employee_Master!$B$5:$B$204,0)),"")) | J21: =IF($I21="","",IFERROR(INDEX(Action_Status_Map!$B$5:$B$11,MATCH($I21,Action_Status_Map!$A$5:$A$11,0)),"")) | P21: =IF(OR($N21="",$O21=""),"",$O21-$N21) | Q21: =IF($K21="","",IF($M21<>"",$M21-$K21,TODAY()-$K21)) | R21: =IF(OR($L21="",$I21="Completed",$I21="Cancelled"),"",IF(AND($L21<TODAY(),$I21<>"Completed",$I21<>"Cancelled"),"Overdue","On Track")) | S21: =IF($L21="","",TEXT($L21,"yyyy-mm")) | T21: =IF($I21="","",IFERROR(INDEX(Action_Status_Map!$C$5:$C$11,MATCH($I21,Action_Status_Map!$A$5:$A$11,0)),"")) | W21: =IF(OR($I21<>"Completed",$M21="",$L21=""),"",IF($M21<=$L21,"Yes","No")) | X21: =IF($A21="","",COUNTIF(Task_Steps!$B$5:$B$2004,$A21)) | Y21: =IF($X21=0,"",COUNTIFS(Task_Steps!$B$5:$B$2004,$A21,Task_Steps!$H$5:$H$2004,"Completed")/$X21) | AB21: =IF($F21="","",IFERROR(INDEX(Employee_Master!$E$5:$E$204,MATCH($F21,Employee_Master!$B$5:$B$204,0)),"")) | AC21: =IF(OR($A21="",$AB21=""),"",IF(OR($I21="Completed",$I21="Cancelled"),"Closed - in Manager Report","Active - in Manager Report")) | AD21: =IF($A21="","",IFERROR(TEXTJOIN(", ",TRUE,FILTER(Task_Steps!$A$5:$A$2004,Task_Steps!$B$5:$B$2004=$A21)),"")) | AE21: =IF($A21="","",COUNTIFS(Task_Steps!$B$5:$B$2004,$A21,Task_Steps!$H$5:$H$2004,"<>Completed",Task_Steps!$H$5:$H$2004,"<>Cancelled")) | AF21: =IF(OR($B21="",$A21=""),"",$B21&" | "&$A21)
A22: =IF(COUNTA(B22:F22)=0,"","TSK-"&TEXT(ROW()-4,"0000")) | G22: =IF($F22="","",IFERROR(INDEX(Employee_Master!$C$5:$C$204,MATCH($F22,Employee_Master!$B$5:$B$204,0)),"")) | J22: =IF($I22="","",IFERROR(INDEX(Action_Status_Map!$B$5:$B$11,MATCH($I22,Action_Status_Map!$A$5:$A$11,0)),"")) | P22: =IF(OR($N22="",$O22=""),"",$O22-$N22) | Q22: =IF($K22="","",IF($M22<>"",$M22-$K22,TODAY()-$K22)) | R22: =IF(OR($L22="",$I22="Completed",$I22="Cancelled"),"",IF(AND($L22<TODAY(),$I22<>"Completed",$I22<>"Cancelled"),"Overdue","On Track")) | S22: =IF($L22="","",TEXT($L22,"yyyy-mm")) | T22: =IF($I22="","",IFERROR(INDEX(Action_Status_Map!$C$5:$C$11,MATCH($I22,Action_Status_Map!$A$5:$A$11,0)),"")) | W22: =IF(OR($I22<>"Completed",$M22="",$L22=""),"",IF($M22<=$L22,"Yes","No")) | X22: =IF($A22="","",COUNTIF(Task_Steps!$B$5:$B$2004,$A22)) | Y22: =IF($X22=0,"",COUNTIFS(Task_Steps!$B$5:$B$2004,$A22,Task_Steps!$H$5:$H$2004,"Completed")/$X22) | AB22: =IF($F22="","",IFERROR(INDEX(Employee_Master!$E$5:$E$204,MATCH($F22,Employee_Master!$B$5:$B$204,0)),"")) | AC22: =IF(OR($A22="",$AB22=""),"",IF(OR($I22="Completed",$I22="Cancelled"),"Closed - in Manager Report","Active - in Manager Report")) | AD22: =IF($A22="","",IFERROR(TEXTJOIN(", ",TRUE,FILTER(Task_Steps!$A$5:$A$2004,Task_Steps!$B$5:$B$2004=$A22)),"")) | AE22: =IF($A22="","",COUNTIFS(Task_Steps!$B$5:$B$2004,$A22,Task_Steps!$H$5:$H$2004,"<>Completed",Task_Steps!$H$5:$H$2004,"<>Cancelled")) | AF22: =IF(OR($B22="",$A22=""),"",$B22&" | "&$A22)
A23: =IF(COUNTA(B23:F23)=0,"","TSK-"&TEXT(ROW()-4,"0000")) | G23: =IF($F23="","",IFERROR(INDEX(Employee_Master!$C$5:$C$204,MATCH($F23,Employee_Master!$B$5:$B$204,0)),"")) | J23: =IF($I23="","",IFERROR(INDEX(Action_Status_Map!$B$5:$B$11,MATCH($I23,Action_Status_Map!$A$5:$A$11,0)),"")) | P23: =IF(OR($N23="",$O23=""),"",$O23-$N23) | Q23: =IF($K23="","",IF($M23<>"",$M23-$K23,TODAY()-$K23)) | R23: =IF(OR($L23="",$I23="Completed",$I23="Cancelled"),"",IF(AND($L23<TODAY(),$I23<>"Completed",$I23<>"Cancelled"),"Overdue","On Track")) | S23: =IF($L23="","",TEXT($L23,"yyyy-mm")) | T23: =IF($I23="","",IFERROR(INDEX(Action_Status_Map!$C$5:$C$11,MATCH($I23,Action_Status_Map!$A$5:$A$11,0)),"")) | W23: =IF(OR($I23<>"Completed",$M23="",$L23=""),"",IF($M23<=$L23,"Yes","No")) | X23: =IF($A23="","",COUNTIF(Task_Steps!$B$5:$B$2004,$A23)) | Y23: =IF($X23=0,"",COUNTIFS(Task_Steps!$B$5:$B$2004,$A23,Task_Steps!$H$5:$H$2004,"Completed")/$X23) | AB23: =IF($F23="","",IFERROR(INDEX(Employee_Master!$E$5:$E$204,MATCH($F23,Employee_Master!$B$5:$B$204,0)),"")) | AC23: =IF(OR($A23="",$AB23=""),"",IF(OR($I23="Completed",$I23="Cancelled"),"Closed - in Manager Report","Active - in Manager Report")) | AD23: =IF($A23="","",IFERROR(TEXTJOIN(", ",TRUE,FILTER(Task_Steps!$A$5:$A$2004,Task_Steps!$B$5:$B$2004=$A23)),"")) | AE23: =IF($A23="","",COUNTIFS(Task_Steps!$B$5:$B$2004,$A23,Task_Steps!$H$5:$H$2004,"<>Completed",Task_Steps!$H$5:$H$2004,"<>Cancelled")) | AF23: =IF(OR($B23="",$A23=""),"",$B23&" | "&$A23)
A24: =IF(COUNTA(B24:F24)=0,"","TSK-"&TEXT(ROW()-4,"0000")) | G24: =IF($F24="","",IFERROR(INDEX(Employee_Master!$C$5:$C$204,MATCH($F24,Employee_Master!$B$5:$B$204,0)),"")) | J24: =IF($I24="","",IFERROR(INDEX(Action_Status_Map!$B$5:$B$11,MATCH($I24,Action_Status_Map!$A$5:$A$11,0)),"")) | P24: =IF(OR($N24="",$O24=""),"",$O24-$N24) | Q24: =IF($K24="","",IF($M24<>"",$M24-$K24,TODAY()-$K24)) | R24: =IF(OR($L24="",$I24="Completed",$I24="Cancelled"),"",IF(AND($L24<TODAY(),$I24<>"Completed",$I24<>"Cancelled"),"Overdue","On Track")) | S24: =IF($L24="","",TEXT($L24,"yyyy-mm")) | T24: =IF($I24="","",IFERROR(INDEX(Action_Status_Map!$C$5:$C$11,MATCH($I24,Action_Status_Map!$A$5:$A$11,0)),"")) | W24: =IF(OR($I24<>"Completed",$M24="",$L24=""),"",IF($M24<=$L24,"Yes","No")) | X24: =IF($A24="","",COUNTIF(Task_Steps!$B$5:$B$2004,$A24)) | Y24: =IF($X24=0,"",COUNTIFS(Task_Steps!$B$5:$B$2004,$A24,Task_Steps!$H$5:$H$2004,"Completed")/$X24) | AB24: =IF($F24="","",IFERROR(INDEX(Employee_Master!$E$5:$E$204,MATCH($F24,Employee_Master!$B$5:$B$204,0)),"")) | AC24: =IF(OR($A24="",$AB24=""),"",IF(OR($I24="Completed",$I24="Cancelled"),"Closed - in Manager Report","Active - in Manager Report")) | AD24: =IF($A24="","",IFERROR(TEXTJOIN(", ",TRUE,FILTER(Task_Steps!$A$5:$A$2004,Task_Steps!$B$5:$B$2004=$A24)),"")) | AE24: =IF($A24="","",COUNTIFS(Task_Steps!$B$5:$B$2004,$A24,Task_Steps!$H$5:$H$2004,"<>Completed",Task_Steps!$H$5:$H$2004,"<>Cancelled")) | AF24: =IF(OR($B24="",$A24=""),"",$B24&" | "&$A24)
A25: =IF(COUNTA(B25:F25)=0,"","TSK-"&TEXT(ROW()-4,"0000")) | G25: =IF($F25="","",IFERROR(INDEX(Employee_Master!$C$5:$C$204,MATCH($F25,Employee_Master!$B$5:$B$204,0)),"")) | J25: =IF($I25="","",IFERROR(INDEX(Action_Status_Map!$B$5:$B$11,MATCH($I25,Action_Status_Map!$A$5:$A$11,0)),"")) | P25: =IF(OR($N25="",$O25=""),"",$O25-$N25) | Q25: =IF($K25="","",IF($M25<>"",$M25-$K25,TODAY()-$K25)) | R25: =IF(OR($L25="",$I25="Completed",$I25="Cancelled"),"",IF(AND($L25<TODAY(),$I25<>"Completed",$I25<>"Cancelled"),"Overdue","On Track")) | S25: =IF($L25="","",TEXT($L25,"yyyy-mm")) | T25: =IF($I25="","",IFERROR(INDEX(Action_Status_Map!$C$5:$C$11,MATCH($I25,Action_Status_Map!$A$5:$A$11,0)),"")) | W25: =IF(OR($I25<>"Completed",$M25="",$L25=""),"",IF($M25<=$L25,"Yes","No")) | X25: =IF($A25="","",COUNTIF(Task_Steps!$B$5:$B$2004,$A25)) | Y25: =IF($X25=0,"",COUNTIFS(Task_Steps!$B$5:$B$2004,$A25,Task_Steps!$H$5:$H$2004,"Completed")/$X25) | AB25: =IF($F25="","",IFERROR(INDEX(Employee_Master!$E$5:$E$204,MATCH($F25,Employee_Master!$B$5:$B$204,0)),"")) | AC25: =IF(OR($A25="",$AB25=""),"",IF(OR($I25="Completed",$I25="Cancelled"),"Closed - in Manager Report","Active - in Manager Report")) | AD25: =IF($A25="","",IFERROR(TEXTJOIN(", ",TRUE,FILTER(Task_Steps!$A$5:$A$2004,Task_Steps!$B$5:$B$2004=$A25)),"")) | AE25: =IF($A25="","",COUNTIFS(Task_Steps!$B$5:$B$2004,$A25,Task_Steps!$H$5:$H$2004,"<>Completed",Task_Steps!$H$5:$H$2004,"<>Cancelled")) | AF25: =IF(OR($B25="",$A25=""),"",$B25&" | "&$A25)
A26: =IF(COUNTA(B26:F26)=0,"","TSK-"&TEXT(ROW()-4,"0000")) | G26: =IF($F26="","",IFERROR(INDEX(Employee_Master!$C$5:$C$204,MATCH($F26,Employee_Master!$B$5:$B$204,0)),"")) | J26: =IF($I26="","",IFERROR(INDEX(Action_Status_Map!$B$5:$B$11,MATCH($I26,Action_Status_Map!$A$5:$A$11,0)),"")) | P26: =IF(OR($N26="",$O26=""),"",$O26-$N26) | Q26: =IF($K26="","",IF($M26<>"",$M26-$K26,TODAY()-$K26)) | R26: =IF(OR($L26="",$I26="Completed",$I26="Cancelled"),"",IF(AND($L26<TODAY(),$I26<>"Completed",$I26<>"Cancelled"),"Overdue","On Track")) | S26: =IF($L26="","",TEXT($L26,"yyyy-mm")) | T26: =IF($I26="","",IFERROR(INDEX(Action_Status_Map!$C$5:$C$11,MATCH($I26,Action_Status_Map!$A$5:$A$11,0)),"")) | W26: =IF(OR($I26<>"Completed",$M26="",$L26=""),"",IF($M26<=$L26,"Yes","No")) | X26: =IF($A26="","",COUNTIF(Task_Steps!$B$5:$B$2004,$A26)) | Y26: =IF($X26=0,"",COUNTIFS(Task_Steps!$B$5:$B$2004,$A26,Task_Steps!$H$5:$H$2004,"Completed")/$X26) | AB26: =IF($F26="","",IFERROR(INDEX(Employee_Master!$E$5:$E$204,MATCH($F26,Employee_Master!$B$5:$B$204,0)),"")) | AC26: =IF(OR($A26="",$AB26=""),"",IF(OR($I26="Completed",$I26="Cancelled"),"Closed - in Manager Report","Active - in Manager Report")) | AD26: =IF($A26="","",IFERROR(TEXTJOIN(", ",TRUE,FILTER(Task_Steps!$A$5:$A$2004,Task_Steps!$B$5:$B$2004=$A26)),"")) | AE26: =IF($A26="","",COUNTIFS(Task_Steps!$B$5:$B$2004,$A26,Task_Steps!$H$5:$H$2004,"<>Completed",Task_Steps!$H$5:$H$2004,"<>Cancelled")) | AF26: =IF(OR($B26="",$A26=""),"",$B26&" | "&$A26)
A27: =IF(COUNTA(B27:F27)=0,"","TSK-"&TEXT(ROW()-4,"0000")) | G27: =IF($F27="","",IFERROR(INDEX(Employee_Master!$C$5:$C$204,MATCH($F27,Employee_Master!$B$5:$B$204,0)),"")) | J27: =IF($I27="","",IFERROR(INDEX(Action_Status_Map!$B$5:$B$11,MATCH($I27,Action_Status_Map!$A$5:$A$11,0)),"")) | P27: =IF(OR($N27="",$O27=""),"",$O27-$N27) | Q27: =IF($K27="","",IF($M27<>"",$M27-$K27,TODAY()-$K27)) | R27: =IF(OR($L27="",$I27="Completed",$I27="Cancelled"),"",IF(AND($L27<TODAY(),$I27<>"Completed",$I27<>"Cancelled"),"Overdue","On Track")) | S27: =IF($L27="","",TEXT($L27,"yyyy-mm")) | T27: =IF($I27="","",IFERROR(INDEX(Action_Status_Map!$C$5:$C$11,MATCH($I27,Action_Status_Map!$A$5:$A$11,0)),"")) | W27: =IF(OR($I27<>"Completed",$M27="",$L27=""),"",IF($M27<=$L27,"Yes","No")) | X27: =IF($A27="","",COUNTIF(Task_Steps!$B$5:$B$2004,$A27)) | Y27: =IF($X27=0,"",COUNTIFS(Task_Steps!$B$5:$B$2004,$A27,Task_Steps!$H$5:$H$2004,"Completed")/$X27) | AB27: =IF($F27="","",IFERROR(INDEX(Employee_Master!$E$5:$E$204,MATCH($F27,Employee_Master!$B$5:$B$204,0)),"")) | AC27: =IF(OR($A27="",$AB27=""),"",IF(OR($I27="Completed",$I27="Cancelled"),"Closed - in Manager Report","Active - in Manager Report")) | AD27: =IF($A27="","",IFERROR(TEXTJOIN(", ",TRUE,FILTER(Task_Steps!$A$5:$A$2004,Task_Steps!$B$5:$B$2004=$A27)),"")) | AE27: =IF($A27="","",COUNTIFS(Task_Steps!$B$5:$B$2004,$A27,Task_Steps!$H$5:$H$2004,"<>Completed",Task_Steps!$H$5:$H$2004,"<>Cancelled")) | AF27: =IF(OR($B27="",$A27=""),"",$B27&" | "&$A27)
A28: =IF(COUNTA(B28:F28)=0,"","TSK-"&TEXT(ROW()-4,"0000")) | G28: =IF($F28="","",IFERROR(INDEX(Employee_Master!$C$5:$C$204,MATCH($F28,Employee_Master!$B$5:$B$204,0)),"")) | J28: =IF($I28="","",IFERROR(INDEX(Action_Status_Map!$B$5:$B$11,MATCH($I28,Action_Status_Map!$A$5:$A$11,0)),"")) | P28: =IF(OR($N28="",$O28=""),"",$O28-$N28) | Q28: =IF($K28="","",IF($M28<>"",$M28-$K28,TODAY()-$K28)) | R28: =IF(OR($L28="",$I28="Completed",$I28="Cancelled"),"",IF(AND($L28<TODAY(),$I28<>"Completed",$I28<>"Cancelled"),"Overdue","On Track")) | S28: =IF($L28="","",TEXT($L28,"yyyy-mm")) | T28: =IF($I28="","",IFERROR(INDEX(Action_Status_Map!$C$5:$C$11,MATCH($I28,Action_Status_Map!$A$5:$A$11,0)),"")) | W28: =IF(OR($I28<>"Completed",$M28="",$L28=""),"",IF($M28<=$L28,"Yes","No")) | X28: =IF($A28="","",COUNTIF(Task_Steps!$B$5:$B$2004,$A28)) | Y28: =IF($X28=0,"",COUNTIFS(Task_Steps!$B$5:$B$2004,$A28,Task_Steps!$H$5:$H$2004,"Completed")/$X28) | AB28: =IF($F28="","",IFERROR(INDEX(Employee_Master!$E$5:$E$204,MATCH($F28,Employee_Master!$B$5:$B$204,0)),"")) | AC28: =IF(OR($A28="",$AB28=""),"",IF(OR($I28="Completed",$I28="Cancelled"),"Closed - in Manager Report","Active - in Manager Report")) | AD28: =IF($A28="","",IFERROR(TEXTJOIN(", ",TRUE,FILTER(Task_Steps!$A$5:$A$2004,Task_Steps!$B$5:$B$2004=$A28)),"")) | AE28: =IF($A28="","",COUNTIFS(Task_Steps!$B$5:$B$2004,$A28,Task_Steps!$H$5:$H$2004,"<>Completed",Task_Steps!$H$5:$H$2004,"<>Cancelled")) | AF28: =IF(OR($B28="",$A28=""),"",$B28&" | "&$A28)
A29: =IF(COUNTA(B29:F29)=0,"","TSK-"&TEXT(ROW()-4,"0000")) | G29: =IF($F29="","",IFERROR(INDEX(Employee_Master!$C$5:$C$204,MATCH($F29,Employee_Master!$B$5:$B$204,0)),"")) | J29: =IF($I29="","",IFERROR(INDEX(Action_Status_Map!$B$5:$B$11,MATCH($I29,Action_Status_Map!$A$5:$A$11,0)),"")) | P29: =IF(OR($N29="",$O29=""),"",$O29-$N29) | Q29: =IF($K29="","",IF($M29<>"",$M29-$K29,TODAY()-$K29)) | R29: =IF(OR($L29="",$I29="Completed",$I29="Cancelled"),"",IF(AND($L29<TODAY(),$I29<>"Completed",$I29<>"Cancelled"),"Overdue","On Track")) | S29: =IF($L29="","",TEXT($L29,"yyyy-mm")) | T29: =IF($I29="","",IFERROR(INDEX(Action_Status_Map!$C$5:$C$11,MATCH($I29,Action_Status_Map!$A$5:$A$11,0)),"")) | W29: =IF(OR($I29<>"Completed",$M29="",$L29=""),"",IF($M29<=$L29,"Yes","No")) | X29: =IF($A29="","",COUNTIF(Task_Steps!$B$5:$B$2004,$A29)) | Y29: =IF($X29=0,"",COUNTIFS(Task_Steps!$B$5:$B$2004,$A29,Task_Steps!$H$5:$H$2004,"Completed")/$X29) | AB29: =IF($F29="","",IFERROR(INDEX(Employee_Master!$E$5:$E$204,MATCH($F29,Employee_Master!$B$5:$B$204,0)),"")) | AC29: =IF(OR($A29="",$AB29=""),"",IF(OR($I29="Completed",$I29="Cancelled"),"Closed - in Manager Report","Active - in Manager Report")) | AD29: =IF($A29="","",IFERROR(TEXTJOIN(", ",TRUE,FILTER(Task_Steps!$A$5:$A$2004,Task_Steps!$B$5:$B$2004=$A29)),"")) | AE29: =IF($A29="","",COUNTIFS(Task_Steps!$B$5:$B$2004,$A29,Task_Steps!$H$5:$H$2004,"<>Completed",Task_Steps!$H$5:$H$2004,"<>Cancelled")) | AF29: =IF(OR($B29="",$A29=""),"",$B29&" | "&$A29)
A30: =IF(COUNTA(B30:F30)=0,"","TSK-"&TEXT(ROW()-4,"0000")) | G30: =IF($F30="","",IFERROR(INDEX(Employee_Master!$C$5:$C$204,MATCH($F30,Employee_Master!$B$5:$B$204,0)),"")) | J30: =IF($I30="","",IFERROR(INDEX(Action_Status_Map!$B$5:$B$11,MATCH($I30,Action_Status_Map!$A$5:$A$11,0)),"")) | P30: =IF(OR($N30="",$O30=""),"",$O30-$N30) | Q30: =IF($K30="","",IF($M30<>"",$M30-$K30,TODAY()-$K30)) | R30: =IF(OR($L30="",$I30="Completed",$I30="Cancelled"),"",IF(AND($L30<TODAY(),$I30<>"Completed",$I30<>"Cancelled"),"Overdue","On Track")) | S30: =IF($L30="","",TEXT($L30,"yyyy-mm")) | T30: =IF($I30="","",IFERROR(INDEX(Action_Status_Map!$C$5:$C$11,MATCH($I30,Action_Status_Map!$A$5:$A$11,0)),"")) | W30: =IF(OR($I30<>"Completed",$M30="",$L30=""),"",IF($M30<=$L30,"Yes","No")) | X30: =IF($A30="","",COUNTIF(Task_Steps!$B$5:$B$2004,$A30)) | Y30: =IF($X30=0,"",COUNTIFS(Task_Steps!$B$5:$B$2004,$A30,Task_Steps!$H$5:$H$2004,"Completed")/$X30) | AB30: =IF($F30="","",IFERROR(INDEX(Employee_Master!$E$5:$E$204,MATCH($F30,Employee_Master!$B$5:$B$204,0)),"")) | AC30: =IF(OR($A30="",$AB30=""),"",IF(OR($I30="Completed",$I30="Cancelled"),"Closed - in Manager Report","Active - in Manager Report")) | AD30: =IF($A30="","",IFERROR(TEXTJOIN(", ",TRUE,FILTER(Task_Steps!$A$5:$A$2004,Task_Steps!$B$5:$B$2004=$A30)),"")) | AE30: =IF($A30="","",COUNTIFS(Task_Steps!$B$5:$B$2004,$A30,Task_Steps!$H$5:$H$2004,"<>Completed",Task_Steps!$H$5:$H$2004,"<>Cancelled")) | AF30: =IF(OR($B30="",$A30=""),"",$B30&" | "&$A30)
A31: =IF(COUNTA(B31:F31)=0,"","TSK-"&TEXT(ROW()-4,"0000")) | G31: =IF($F31="","",IFERROR(INDEX(Employee_Master!$C$5:$C$204,MATCH($F31,Employee_Master!$B$5:$B$204,0)),"")) | J31: =IF($I31="","",IFERROR(INDEX(Action_Status_Map!$B$5:$B$11,MATCH($I31,Action_Status_Map!$A$5:$A$11,0)),"")) | P31: =IF(OR($N31="",$O31=""),"",$O31-$N31) | Q31: =IF($K31="","",IF($M31<>"",$M31-$K31,TODAY()-$K31)) | R31: =IF(OR($L31="",$I31="Completed",$I31="Cancelled"),"",IF(AND($L31<TODAY(),$I31<>"Completed",$I31<>"Cancelled"),"Overdue","On Track")) | S31: =IF($L31="","",TEXT($L31,"yyyy-mm")) | T31: =IF($I31="","",IFERROR(INDEX(Action_Status_Map!$C$5:$C$11,MATCH($I31,Action_Status_Map!$A$5:$A$11,0)),"")) | W31: =IF(OR($I31<>"Completed",$M31="",$L31=""),"",IF($M31<=$L31,"Yes","No")) | X31: =IF($A31="","",COUNTIF(Task_Steps!$B$5:$B$2004,$A31)) | Y31: =IF($X31=0,"",COUNTIFS(Task_Steps!$B$5:$B$2004,$A31,Task_Steps!$H$5:$H$2004,"Completed")/$X31) | AB31: =IF($F31="","",IFERROR(INDEX(Employee_Master!$E$5:$E$204,MATCH($F31,Employee_Master!$B$5:$B$204,0)),"")) | AC31: =IF(OR($A31="",$AB31=""),"",IF(OR($I31="Completed",$I31="Cancelled"),"Closed - in Manager Report","Active - in Manager Report")) | AD31: =IF($A31="","",IFERROR(TEXTJOIN(", ",TRUE,FILTER(Task_Steps!$A$5:$A$2004,Task_Steps!$B$5:$B$2004=$A31)),"")) | AE31: =IF($A31="","",COUNTIFS(Task_Steps!$B$5:$B$2004,$A31,Task_Steps!$H$5:$H$2004,"<>Completed",Task_Steps!$H$5:$H$2004,"<>Cancelled")) | AF31: =IF(OR($B31="",$A31=""),"",$B31&" | "&$A31)
A32: =IF(COUNTA(B32:F32)=0,"","TSK-"&TEXT(ROW()-4,"0000")) | G32: =IF($F32="","",IFERROR(INDEX(Employee_Master!$C$5:$C$204,MATCH($F32,Employee_Master!$B$5:$B$204,0)),"")) | J32: =IF($I32="","",IFERROR(INDEX(Action_Status_Map!$B$5:$B$11,MATCH($I32,Action_Status_Map!$A$5:$A$11,0)),"")) | P32: =IF(OR($N32="",$O32=""),"",$O32-$N32) | Q32: =IF($K32="","",IF($M32<>"",$M32-$K32,TODAY()-$K32)) | R32: =IF(OR($L32="",$I32="Completed",$I32="Cancelled"),"",IF(AND($L32<TODAY(),$I32<>"Completed",$I32<>"Cancelled"),"Overdue","On Track")) | S32: =IF($L32="","",TEXT($L32,"yyyy-mm")) | T32: =IF($I32="","",IFERROR(INDEX(Action_Status_Map!$C$5:$C$11,MATCH($I32,Action_Status_Map!$A$5:$A$11,0)),"")) | W32: =IF(OR($I32<>"Completed",$M32="",$L32=""),"",IF($M32<=$L32,"Yes","No")) | X32: =IF($A32="","",COUNTIF(Task_Steps!$B$5:$B$2004,$A32)) | Y32: =IF($X32=0,"",COUNTIFS(Task_Steps!$B$5:$B$2004,$A32,Task_Steps!$H$5:$H$2004,"Completed")/$X32) | AB32: =IF($F32="","",IFERROR(INDEX(Employee_Master!$E$5:$E$204,MATCH($F32,Employee_Master!$B$5:$B$204,0)),"")) | AC32: =IF(OR($A32="",$AB32=""),"",IF(OR($I32="Completed",$I32="Cancelled"),"Closed - in Manager Report","Active - in Manager Report")) | AD32: =IF($A32="","",IFERROR(TEXTJOIN(", ",TRUE,FILTER(Task_Steps!$A$5:$A$2004,Task_Steps!$B$5:$B$2004=$A32)),"")) | AE32: =IF($A32="","",COUNTIFS(Task_Steps!$B$5:$B$2004,$A32,Task_Steps!$H$5:$H$2004,"<>Completed",Task_Steps!$H$5:$H$2004,"<>Cancelled")) | AF32: =IF(OR($B32="",$A32=""),"",$B32&" | "&$A32)
... A1004: =IF(COUNTA(B1004:F1004)=0,"","TSK-"&TEXT(ROW()-4,"0000")) | G1004: =IF($F1004="","",IFERROR(INDEX(Employee_Master!$C$5:$C$204,MATCH($F1004,Employee_Master!$B$5:$B$204,0)),"")) | J1004: =IF($I1004="","",IFERROR(INDEX(Action_Status_Map!$B$5:$B$11,MATCH($I1004,Action_Status_Map!$A$5:$A$11,0)),"")) | P1004: =IF(OR($N1004="",$O1004=""),"",$O1004-$N1004) | Q1004: =IF($K1004="","",IF($M1004<>"",$M1004-$K1004,TODAY()-$K1004)) | R1004: =IF(OR($L1004="",$I1004="Completed",$I1004="Cancelled"),"",IF(AND($L1004<TODAY(),$I1004<>"Completed",$I1004<>"Cancelled"),"Overdue","On Track")) | S1004: =IF($L1004="","",TEXT($L1004,"yyyy-mm")) | T1004: =IF($I1004="","",IFERROR(INDEX(Action_Status_Map!$C$5:$C$11,MATCH($I1004,Action_Status_Map!$A$5:$A$11,0)),"")) | W1004: =IF(OR($I1004<>"Completed",$M1004="",$L1004=""),"",IF($M1004<=$L1004,"Yes","No")) | X1004: =IF($A1004="","",COUNTIF(Task_Steps!$B$5:$B$2004,$A1004)) | Y1004: =IF($X1004=0,"",COUNTIFS(Task_Steps!$B$5:$B$2004,$A1004,Task_Steps!$H$5:$H$2004,"Completed")/$X1004) | AB1004: =IF($F1004="","",IFERROR(INDEX(Employee_Master!$E$5:$E$204,MATCH($F1004,Employee_Master!$B$5:$B$204,0)),"")) | AC1004: =IF(OR($A1004="",$AB1004=""),"",IF(OR($I1004="Completed",$I1004="Cancelled"),"Closed - in Manager Report","Active - in Manager Report")) | AD1004: =IF($A1004="","",IFERROR(TEXTJOIN(", ",TRUE,FILTER(Task_Steps!$A$5:$A$2004,Task_Steps!$B$5:$B$2004=$A1004)),"")) | AE1004: =IF($A1004="","",COUNTIFS(Task_Steps!$B$5:$B$2004,$A1004,Task_Steps!$H$5:$H$2004,"<>Completed",Task_Steps!$H$5:$H$2004,"<>Cancelled")) | AF1004: =IF(OR($B1004="",$A1004=""),"",$B1004&" | "&$A1004)

Sheet Task_Steps
A1: Task Steps
A2: Enter Parent Task ID for each step. Project, source, employee, status, and manager mapping pull automatically from Task_Tracker.
A4: Step ID | B4: Parent Task ID | C4: Parent Task Title | D4: Parent Project | E4: Step Name | F4: Step Description | G4: Step Owner | H4: Step Status | I4: Action Type | J4: Planned Date | K4: Due Date | L4: Completed Date | M4: Est. Hours | N4: Actual Hours | O4: Hours Variance | P4: Days Open | Q4: Overdue | R4: Notes | S4: Parent Source | T4: Parent Manager | U4: Parent Employee | V4: Parent Task Status | W4: Project Key | X4: Step Month Bucket | Y4: Manager Report
A5: =IF(COUNTA(B5:G5)=0,"","STP-"&TEXT(ROW()-4,"0000")) | B5: TSK-0001 | C5: =IF($B5="","",IFERROR(INDEX(Task_Tracker!$D$5:$D$1004,MATCH($B5,Task_Tracker!$A$5:$A$1004,0)),"")) | D5: =IF($B5="","",IFERROR(INDEX(Task_Tracker!$B$5:$B$1004,MATCH($B5,Task_Tracker!$A$5:$A$1004,0)),"")) | E5: Gather kickoff notes | F5: Collect client and internal kickoff requirements. | G5: Pammi Gaur | H5: Completed | I5: =IF($H5="","",IFERROR(INDEX(Action_Status_Map!$B$5:$B$11,MATCH($H5,Action_Status_Map!$A$5:$A$11,0)),"")) | J5: 46113 | K5: 46114 | L5: 46113 | M5: 3 | N5: 3 | O5: =IF(OR($M5="",$N5=""),"",$N5-$M5) | P5: =IF($J5="","",IF($L5<>"",$L5-$J5,TODAY()-$J5)) | Q5: =IF(OR($K5="",$H5="Completed",$H5="Cancelled"),"",IF(AND($K5<TODAY(),$H5<>"Completed",$H5<>"Cancelled"),"Overdue","On Track")) | R5: Kickoff notes documented. | S5: =IF($B5="","",IFERROR(INDEX(Task_Tracker!$AA$5:$AA$1004,MATCH($B5,Task_Tracker!$A$5:$A$1004,0)),"")) | T5: =IF($B5="","",IFERROR(INDEX(Task_Tracker!$AB$5:$AB$1004,MATCH($B5,Task_Tracker!$A$5:$A$1004,0)),"")) | U5: =IF($B5="","",IFERROR(INDEX(Task_Tracker!$F$5:$F$1004,MATCH($B5,Task_Tracker!$A$5:$A$1004,0)),"")) | V5: =IF($B5="","",IFERROR(INDEX(Task_Tracker!$I$5:$I$1004,MATCH($B5,Task_Tracker!$A$5:$A$1004,0)),"")) | W5: =IF(OR($D5="",$B5=""),"",$D5&" | "&$B5) | X5: =IF($K5="","",TEXT($K5,"yyyy-mm")) | Y5: =IF(OR($A5="",$T5=""),"","Included in Manager_Report")
A6: =IF(COUNTA(B6:G6)=0,"","STP-"&TEXT(ROW()-4,"0000")) | B6: TSK-0001 | C6: =IF($B6="","",IFERROR(INDEX(Task_Tracker!$D$5:$D$1004,MATCH($B6,Task_Tracker!$A$5:$A$1004,0)),"")) | D6: =IF($B6="","",IFERROR(INDEX(Task_Tracker!$B$5:$B$1004,MATCH($B6,Task_Tracker!$A$5:$A$1004,0)),"")) | E6: Prepare requirement template | F6: Draft the requirement capture template. | G6: Pammi Gaur | H6: Completed | I6: =IF($H6="","",IFERROR(INDEX(Action_Status_Map!$B$5:$B$11,MATCH($H6,Action_Status_Map!$A$5:$A$11,0)),"")) | J6: 46113 | K6: 46115 | L6: 46115 | M6: 4 | N6: 4 | O6: =IF(OR($M6="",$N6=""),"",$N6-$M6) | P6: =IF($J6="","",IF($L6<>"",$L6-$J6,TODAY()-$J6)) | Q6: =IF(OR($K6="",$H6="Completed",$H6="Cancelled"),"",IF(AND($K6<TODAY(),$H6<>"Completed",$H6<>"Cancelled"),"Overdue","On Track")) | R6: Template approved. | S6: =IF($B6="","",IFERROR(INDEX(Task_Tracker!$AA$5:$AA$1004,MATCH($B6,Task_Tracker!$A$5:$A$1004,0)),"")) | T6: =IF($B6="","",IFERROR(INDEX(Task_Tracker!$AB$5:$AB$1004,MATCH($B6,Task_Tracker!$A$5:$A$1004,0)),"")) | U6: =IF($B6="","",IFERROR(INDEX(Task_Tracker!$F$5:$F$1004,MATCH($B6,Task_Tracker!$A$5:$A$1004,0)),"")) | V6: =IF($B6="","",IFERROR(INDEX(Task_Tracker!$I$5:$I$1004,MATCH($B6,Task_Tracker!$A$5:$A$1004,0)),"")) | W6: =IF(OR($D6="",$B6=""),"",$D6&" | "&$B6) | X6: =IF($K6="","",TEXT($K6,"yyyy-mm")) | Y6: =IF(OR($A6="",$T6=""),"","Included in Manager_Report")
A7: =IF(COUNTA(B7:G7)=0,"","STP-"&TEXT(ROW()-4,"0000")) | B7: TSK-0001 | C7: =IF($B7="","",IFERROR(INDEX(Task_Tracker!$D$5:$D$1004,MATCH($B7,Task_Tracker!$A$5:$A$1004,0)),"")) | D7: =IF($B7="","",IFERROR(INDEX(Task_Tracker!$B$5:$B$1004,MATCH($B7,Task_Tracker!$A$5:$A$1004,0)),"")) | E7: Finalize signed scope | F7: Close open questions and secure signoff. | G7: Pammi Gaur | H7: Completed | I7: =IF($H7="","",IFERROR(INDEX(Action_Status_Map!$B$5:$B$11,MATCH($H7,Action_Status_Map!$A$5:$A$11,0)),"")) | J7: 46115 | K7: 46117 | L7: 46116 | M7: 5 | N7: 4 | O7: =IF(OR($M7="",$N7=""),"",$N7-$M7) | P7: =IF($J7="","",IF($L7<>"",$L7-$J7,TODAY()-$J7)) | Q7: =IF(OR($K7="",$H7="Completed",$H7="Cancelled"),"",IF(AND($K7<TODAY(),$H7<>"Completed",$H7<>"Cancelled"),"Overdue","On Track")) | R7: Signoff received. | S7: =IF($B7="","",IFERROR(INDEX(Task_Tracker!$AA$5:$AA$1004,MATCH($B7,Task_Tracker!$A$5:$A$1004,0)),"")) | T7: =IF($B7="","",IFERROR(INDEX(Task_Tracker!$AB$5:$AB$1004,MATCH($B7,Task_Tracker!$A$5:$A$1004,0)),"")) | U7: =IF($B7="","",IFERROR(INDEX(Task_Tracker!$F$5:$F$1004,MATCH($B7,Task_Tracker!$A$5:$A$1004,0)),"")) | V7: =IF($B7="","",IFERROR(INDEX(Task_Tracker!$I$5:$I$1004,MATCH($B7,Task_Tracker!$A$5:$A$1004,0)),"")) | W7: =IF(OR($D7="",$B7=""),"",$D7&" | "&$B7) | X7: =IF($K7="","",TEXT($K7,"yyyy-mm")) | Y7: =IF(OR($A7="",$T7=""),"","Included in Manager_Report")
A8: =IF(COUNTA(B8:G8)=0,"","STP-"&TEXT(ROW()-4,"0000")) | B8: TSK-0002 | C8: =IF($B8="","",IFERROR(INDEX(Task_Tracker!$D$5:$D$1004,MATCH($B8,Task_Tracker!$A$5:$A$1004,0)),"")) | D8: =IF($B8="","",IFERROR(INDEX(Task_Tracker!$B$5:$B$1004,MATCH($B8,Task_Tracker!$A$5:$A$1004,0)),"")) | E8: Draft checklist structure | F8: Create the first version of the onboarding checklist. | G8: Pammi Gaur | H8: Completed | I8: =IF($H8="","",IFERROR(INDEX(Action_Status_Map!$B$5:$B$11,MATCH($H8,Action_Status_Map!$A$5:$A$11,0)),"")) | J8: 46118 | K8: 46119 | L8: 46119 | M8: 3 | N8: 3 | O8: =IF(OR($M8="",$N8=""),"",$N8-$M8) | P8: =IF($J8="","",IF($L8<>"",$L8-$J8,TODAY()-$J8)) | Q8: =IF(OR($K8="",$H8="Completed",$H8="Cancelled"),"",IF(AND($K8<TODAY(),$H8<>"Completed",$H8<>"Cancelled"),"Overdue","On Track")) | R8: Version 1 completed. | S8: =IF($B8="","",IFERROR(INDEX(Task_Tracker!$AA$5:$AA$1004,MATCH($B8,Task_Tracker!$A$5:$A$1004,0)),"")) | T8: =IF($B8="","",IFERROR(INDEX(Task_Tracker!$AB$5:$AB$1004,MATCH($B8,Task_Tracker!$A$5:$A$1004,0)),"")) | U8: =IF($B8="","",IFERROR(INDEX(Task_Tracker!$F$5:$F$1004,MATCH($B8,Task_Tracker!$A$5:$A$1004,0)),"")) | V8: =IF($B8="","",IFERROR(INDEX(Task_Tracker!$I$5:$I$1004,MATCH($B8,Task_Tracker!$A$5:$A$1004,0)),"")) | W8: =IF(OR($D8="",$B8=""),"",$D8&" | "&$B8) | X8: =IF($K8="","",TEXT($K8,"yyyy-mm")) | Y8: =IF(OR($A8="",$T8=""),"","Included in Manager_Report")
A9: =IF(COUNTA(B9:G9)=0,"","STP-"&TEXT(ROW()-4,"0000")) | B9: TSK-0002 | C9: =IF($B9="","",IFERROR(INDEX(Task_Tracker!$D$5:$D$1004,MATCH($B9,Task_Tracker!$A$5:$A$1004,0)),"")) | D9: =IF($B9="","",IFERROR(INDEX(Task_Tracker!$B$5:$B$1004,MATCH($B9,Task_Tracker!$A$5:$A$1004,0)),"")) | E9: Review checklist with ops | F9: Walk through checklist details with operations leads. | G9: Pammi Gaur | H9: In Progress | I9: =IF($H9="","",IFERROR(INDEX(Action_Status_Map!$B$5:$B$11,MATCH($H9,Action_Status_Map!$A$5:$A$11,0)),"")) | J9: 46120 | K9: 46122 | M9: 4 | N9: 2 | O9: =IF(OR($M9="",$N9=""),"",$N9-$M9) | P9: =IF($J9="","",IF($L9<>"",$L9-$J9,TODAY()-$J9)) | Q9: =IF(OR($K9="",$H9="Completed",$H9="Cancelled"),"",IF(AND($K9<TODAY(),$H9<>"Completed",$H9<>"Cancelled"),"Overdue","On Track")) | R9: Review in progress. | S9: =IF($B9="","",IFERROR(INDEX(Task_Tracker!$AA$5:$AA$1004,MATCH($B9,Task_Tracker!$A$5:$A$1004,0)),"")) | T9: =IF($B9="","",IFERROR(INDEX(Task_Tracker!$AB$5:$AB$1004,MATCH($B9,Task_Tracker!$A$5:$A$1004,0)),"")) | U9: =IF($B9="","",IFERROR(INDEX(Task_Tracker!$F$5:$F$1004,MATCH($B9,Task_Tracker!$A$5:$A$1004,0)),"")) | V9: =IF($B9="","",IFERROR(INDEX(Task_Tracker!$I$5:$I$1004,MATCH($B9,Task_Tracker!$A$5:$A$1004,0)),"")) | W9: =IF(OR($D9="",$B9=""),"",$D9&" | "&$B9) | X9: =IF($K9="","",TEXT($K9,"yyyy-mm")) | Y9: =IF(OR($A9="",$T9=""),"","Included in Manager_Report")
A10: =IF(COUNTA(B10:G10)=0,"","STP-"&TEXT(ROW()-4,"0000")) | B10: TSK-0002 | C10: =IF($B10="","",IFERROR(INDEX(Task_Tracker!$D$5:$D$1004,MATCH($B10,Task_Tracker!$A$5:$A$1004,0)),"")) | D10: =IF($B10="","",IFERROR(INDEX(Task_Tracker!$B$5:$B$1004,MATCH($B10,Task_Tracker!$A$5:$A$1004,0)),"")) | E10: Publish final checklist | F10: Release the final checklist after review comments. | G10: Pammi Gaur | H10: Not Started | I10: =IF($H10="","",IFERROR(INDEX(Action_Status_Map!$B$5:$B$11,MATCH($H10,Action_Status_Map!$A$5:$A$11,0)),"")) | J10: 46122 | K10: 46124 | M10: 3 | O10: =IF(OR($M10="",$N10=""),"",$N10-$M10) | P10: =IF($J10="","",IF($L10<>"",$L10-$J10,TODAY()-$J10)) | Q10: =IF(OR($K10="",$H10="Completed",$H10="Cancelled"),"",IF(AND($K10<TODAY(),$H10<>"Completed",$H10<>"Cancelled"),"Overdue","On Track")) | R10: Pending review completion. | S10: =IF($B10="","",IFERROR(INDEX(Task_Tracker!$AA$5:$AA$1004,MATCH($B10,Task_Tracker!$A$5:$A$1004,0)),"")) | T10: =IF($B10="","",IFERROR(INDEX(Task_Tracker!$AB$5:$AB$1004,MATCH($B10,Task_Tracker!$A$5:$A$1004,0)),"")) | U10: =IF($B10="","",IFERROR(INDEX(Task_Tracker!$F$5:$F$1004,MATCH($B10,Task_Tracker!$A$5:$A$1004,0)),"")) | V10: =IF($B10="","",IFERROR(INDEX(Task_Tracker!$I$5:$I$1004,MATCH($B10,Task_Tracker!$A$5:$A$1004,0)),"")) | W10: =IF(OR($D10="",$B10=""),"",$D10&" | "&$B10) | X10: =IF($K10="","",TEXT($K10,"yyyy-mm")) | Y10: =IF(OR($A10="",$T10=""),"","Included in Manager_Report")
A11: =IF(COUNTA(B11:G11)=0,"","STP-"&TEXT(ROW()-4,"0000")) | B11: TSK-0003 | C11: =IF($B11="","",IFERROR(INDEX(Task_Tracker!$D$5:$D$1004,MATCH($B11,Task_Tracker!$A$5:$A$1004,0)),"")) | D11: =IF($B11="","",IFERROR(INDEX(Task_Tracker!$B$5:$B$1004,MATCH($B11,Task_Tracker!$A$5:$A$1004,0)),"")) | E11: Identify training topics | F11: Confirm the training modules and coverage. | G11: Pammi Gaur | H11: Completed | I11: =IF($H11="","",IFERROR(INDEX(Action_Status_Map!$B$5:$B$11,MATCH($H11,Action_Status_Map!$A$5:$A$11,0)),"")) | J11: 46120 | K11: 46121 | L11: 46121 | M11: 2 | N11: 2 | O11: =IF(OR($M11="",$N11=""),"",$N11-$M11) | P11: =IF($J11="","",IF($L11<>"",$L11-$J11,TODAY()-$J11)) | Q11: =IF(OR($K11="",$H11="Completed",$H11="Cancelled"),"",IF(AND($K11<TODAY(),$H11<>"Completed",$H11<>"Cancelled"),"Overdue","On Track")) | R11: Topics confirmed. | S11: =IF($B11="","",IFERROR(INDEX(Task_Tracker!$AA$5:$AA$1004,MATCH($B11,Task_Tracker!$A$5:$A$1004,0)),"")) | T11: =IF($B11="","",IFERROR(INDEX(Task_Tracker!$AB$5:$AB$1004,MATCH($B11,Task_Tracker!$A$5:$A$1004,0)),"")) | U11: =IF($B11="","",IFERROR(INDEX(Task_Tracker!$F$5:$F$1004,MATCH($B11,Task_Tracker!$A$5:$A$1004,0)),"")) | V11: =IF($B11="","",IFERROR(INDEX(Task_Tracker!$I$5:$I$1004,MATCH($B11,Task_Tracker!$A$5:$A$1004,0)),"")) | W11: =IF(OR($D11="",$B11=""),"",$D11&" | "&$B11) | X11: =IF($K11="","",TEXT($K11,"yyyy-mm")) | Y11: =IF(OR($A11="",$T11=""),"","Included in Manager_Report")
A12: =IF(COUNTA(B12:G12)=0,"","STP-"&TEXT(ROW()-4,"0000")) | B12: TSK-0003 | C12: =IF($B12="","",IFERROR(INDEX(Task_Tracker!$D$5:$D$1004,MATCH($B12,Task_Tracker!$A$5:$A$1004,0)),"")) | D12: =IF($B12="","",IFERROR(INDEX(Task_Tracker!$B$5:$B$1004,MATCH($B12,Task_Tracker!$A$5:$A$1004,0)),"")) | E12: Send proposed schedule | F12: Circulate the proposed training calendar. | G12: Pammi Gaur | H12: Review | I12: =IF($H12="","",IFERROR(INDEX(Action_Status_Map!$B$5:$B$11,MATCH($H12,Action_Status_Map!$A$5:$A$11,0)),"")) | J12: 46122 | K12: 46123 | M12: 3 | N12: 3 | O12: =IF(OR($M12="",$N12=""),"",$N12-$M12) | P12: =IF($J12="","",IF($L12<>"",$L12-$J12,TODAY()-$J12)) | Q12: =IF(OR($K12="",$H12="Completed",$H12="Cancelled"),"",IF(AND($K12<TODAY(),$H12<>"Completed",$H12<>"Cancelled"),"Overdue","On Track")) | R12: Shared for approval. | S12: =IF($B12="","",IFERROR(INDEX(Task_Tracker!$AA$5:$AA$1004,MATCH($B12,Task_Tracker!$A$5:$A$1004,0)),"")) | T12: =IF($B12="","",IFERROR(INDEX(Task_Tracker!$AB$5:$AB$1004,MATCH($B12,Task_Tracker!$A$5:$A$1004,0)),"")) | U12: =IF($B12="","",IFERROR(INDEX(Task_Tracker!$F$5:$F$1004,MATCH($B12,Task_Tracker!$A$5:$A$1004,0)),"")) | V12: =IF($B12="","",IFERROR(INDEX(Task_Tracker!$I$5:$I$1004,MATCH($B12,Task_Tracker!$A$5:$A$1004,0)),"")) | W12: =IF(OR($D12="",$B12=""),"",$D12&" | "&$B12) | X12: =IF($K12="","",TEXT($K12,"yyyy-mm")) | Y12: =IF(OR($A12="",$T12=""),"","Included in Manager_Report")
A13: =IF(COUNTA(B13:G13)=0,"","STP-"&TEXT(ROW()-4,"0000")) | B13: TSK-0003 | C13: =IF($B13="","",IFERROR(INDEX(Task_Tracker!$D$5:$D$1004,MATCH($B13,Task_Tracker!$A$5:$A$1004,0)),"")) | D13: =IF($B13="","",IFERROR(INDEX(Task_Tracker!$B$5:$B$1004,MATCH($B13,Task_Tracker!$A$5:$A$1004,0)),"")) | E13: Confirm attendee list | F13: Validate final attendees with client stakeholders. | G13: Pammi Gaur | H13: In Progress | I13: =IF($H13="","",IFERROR(INDEX(Action_Status_Map!$B$5:$B$11,MATCH($H13,Action_Status_Map!$A$5:$A$11,0)),"")) | J13: 46123 | K13: 46126 | M13: 3 | N13: 2 | O13: =IF(OR($M13="",$N13=""),"",$N13-$M13) | P13: =IF($J13="","",IF($L13<>"",$L13-$J13,TODAY()-$J13)) | Q13: =IF(OR($K13="",$H13="Completed",$H13="Cancelled"),"",IF(AND($K13<TODAY(),$H13<>"Completed",$H13<>"Cancelled"),"Overdue","On Track")) | R13: Awaiting attendee confirmation. | S13: =IF($B13="","",IFERROR(INDEX(Task_Tracker!$AA$5:$AA$1004,MATCH($B13,Task_Tracker!$A$5:$A$1004,0)),"")) | T13: =IF($B13="","",IFERROR(INDEX(Task_Tracker!$AB$5:$AB$1004,MATCH($B13,Task_Tracker!$A$5:$A$1004,0)),"")) | U13: =IF($B13="","",IFERROR(INDEX(Task_Tracker!$F$5:$F$1004,MATCH($B13,Task_Tracker!$A$5:$A$1004,0)),"")) | V13: =IF($B13="","",IFERROR(INDEX(Task_Tracker!$I$5:$I$1004,MATCH($B13,Task_Tracker!$A$5:$A$1004,0)),"")) | W13: =IF(OR($D13="",$B13=""),"",$D13&" | "&$B13) | X13: =IF($K13="","",TEXT($K13,"yyyy-mm")) | Y13: =IF(OR($A13="",$T13=""),"","Included in Manager_Report")
A14: =IF(COUNTA(B14:G14)=0,"","STP-"&TEXT(ROW()-4,"0000")) | B14: TSK-0004 | C14: =IF($B14="","",IFERROR(INDEX(Task_Tracker!$D$5:$D$1004,MATCH($B14,Task_Tracker!$A$5:$A$1004,0)),"")) | D14: =IF($B14="","",IFERROR(INDEX(Task_Tracker!$B$5:$B$1004,MATCH($B14,Task_Tracker!$A$5:$A$1004,0)),"")) | E14: Freeze content list | F14: Lock the website content inventory. | G14: Pammi Gaur | H14: Completed | I14: =IF($H14="","",IFERROR(INDEX(Action_Status_Map!$B$5:$B$11,MATCH($H14,Action_Status_Map!$A$5:$A$11,0)),"")) | J14: 46115 | K14: 46116 | L14: 46116 | M14: 2 | N14: 2 | O14: =IF(OR($M14="",$N14=""),"",$N14-$M14) | P14: =IF($J14="","",IF($L14<>"",$L14-$J14,TODAY()-$J14)) | Q14: =IF(OR($K14="",$H14="Completed",$H14="Cancelled"),"",IF(AND($K14<TODAY(),$H14<>"Completed",$H14<>"Cancelled"),"Overdue","On Track")) | R14: Content list frozen. | S14: =IF($B14="","",IFERROR(INDEX(Task_Tracker!$AA$5:$AA$1004,MATCH($B14,Task_Tracker!$A$5:$A$1004,0)),"")) | T14: =IF($B14="","",IFERROR(INDEX(Task_Tracker!$AB$5:$AB$1004,MATCH($B14,Task_Tracker!$A$5:$A$1004,0)),"")) | U14: =IF($B14="","",IFERROR(INDEX(Task_Tracker!$F$5:$F$1004,MATCH($B14,Task_Tracker!$A$5:$A$1004,0)),"")) | V14: =IF($B14="","",IFERROR(INDEX(Task_Tracker!$I$5:$I$1004,MATCH($B14,Task_Tracker!$A$5:$A$1004,0)),"")) | W14: =IF(OR($D14="",$B14=""),"",$D14&" | "&$B14) | X14: =IF($K14="","",TEXT($K14,"yyyy-mm")) | Y14: =IF(OR($A14="",$T14=""),"","Included in Manager_Report")
A15: =IF(COUNTA(B15:G15)=0,"","STP-"&TEXT(ROW()-4,"0000")) | B15: TSK-0004 | C15: =IF($B15="","",IFERROR(INDEX(Task_Tracker!$D$5:$D$1004,MATCH($B15,Task_Tracker!$A$5:$A$1004,0)),"")) | D15: =IF($B15="","",IFERROR(INDEX(Task_Tracker!$B$5:$B$1004,MATCH($B15,Task_Tracker!$A$5:$A$1004,0)),"")) | E15: Vendor approval for freeze | F15: Obtain vendor confirmation for freeze window. | G15: Pammi Gaur | H15: Blocked | I15: =IF($H15="","",IFERROR(INDEX(Action_Status_Map!$B$5:$B$11,MATCH($H15,Action_Status_Map!$A$5:$A$11,0)),"")) | J15: 46117 | K15: 46120 | M15: 4 | N15: 1 | O15: =IF(OR($M15="",$N15=""),"",$N15-$M15) | P15: =IF($J15="","",IF($L15<>"",$L15-$J15,TODAY()-$J15)) | Q15: =IF(OR($K15="",$H15="Completed",$H15="Cancelled"),"",IF(AND($K15<TODAY(),$H15<>"Completed",$H15<>"Cancelled"),"Overdue","On Track")) | R15: Vendor confirmation still pending. | S15: =IF($B15="","",IFERROR(INDEX(Task_Tracker!$AA$5:$AA$1004,MATCH($B15,Task_Tracker!$A$5:$A$1004,0)),"")) | T15: =IF($B15="","",IFERROR(INDEX(Task_Tracker!$AB$5:$AB$1004,MATCH($B15,Task_Tracker!$A$5:$A$1004,0)),"")) | U15: =IF($B15="","",IFERROR(INDEX(Task_Tracker!$F$5:$F$1004,MATCH($B15,Task_Tracker!$A$5:$A$1004,0)),"")) | V15: =IF($B15="","",IFERROR(INDEX(Task_Tracker!$I$5:$I$1004,MATCH($B15,Task_Tracker!$A$5:$A$1004,0)),"")) | W15: =IF(OR($D15="",$B15=""),"",$D15&" | "&$B15) | X15: =IF($K15="","",TEXT($K15,"yyyy-mm")) | Y15: =IF(OR($A15="",$T15=""),"","Included in Manager_Report")
A16: =IF(COUNTA(B16:G16)=0,"","STP-"&TEXT(ROW()-4,"0000")) | B16: TSK-0005 | C16: =IF($B16="","",IFERROR(INDEX(Task_Tracker!$D$5:$D$1004,MATCH($B16,Task_Tracker!$A$5:$A$1004,0)),"")) | D16: =IF($B16="","",IFERROR(INDEX(Task_Tracker!$B$5:$B$1004,MATCH($B16,Task_Tracker!$A$5:$A$1004,0)),"")) | E16: Outline readiness criteria | F16: Define the readiness criteria for go-live. | G16: Pammi Gaur | H16: Not Started | I16: =IF($H16="","",IFERROR(INDEX(Action_Status_Map!$B$5:$B$11,MATCH($H16,Action_Status_Map!$A$5:$A$11,0)),"")) | J16: 46143 | K16: 46145 | M16: 3 | O16: =IF(OR($M16="",$N16=""),"",$N16-$M16) | P16: =IF($J16="","",IF($L16<>"",$L16-$J16,TODAY()-$J16)) | Q16: =IF(OR($K16="",$H16="Completed",$H16="Cancelled"),"",IF(AND($K16<TODAY(),$H16<>"Completed",$H16<>"Cancelled"),"Overdue","On Track")) | R16: Planned for May. | S16: =IF($B16="","",IFERROR(INDEX(Task_Tracker!$AA$5:$AA$1004,MATCH($B16,Task_Tracker!$A$5:$A$1004,0)),"")) | T16: =IF($B16="","",IFERROR(INDEX(Task_Tracker!$AB$5:$AB$1004,MATCH($B16,Task_Tracker!$A$5:$A$1004,0)),"")) | U16: =IF($B16="","",IFERROR(INDEX(Task_Tracker!$F$5:$F$1004,MATCH($B16,Task_Tracker!$A$5:$A$1004,0)),"")) | V16: =IF($B16="","",IFERROR(INDEX(Task_Tracker!$I$5:$I$1004,MATCH($B16,Task_Tracker!$A$5:$A$1004,0)),"")) | W16: =IF(OR($D16="",$B16=""),"",$D16&" | "&$B16) | X16: =IF($K16="","",TEXT($K16,"yyyy-mm")) | Y16: =IF(OR($A16="",$T16=""),"","Included in Manager_Report")
A17: =IF(COUNTA(B17:G17)=0,"","STP-"&TEXT(ROW()-4,"0000")) | B17: TSK-0005 | C17: =IF($B17="","",IFERROR(INDEX(Task_Tracker!$D$5:$D$1004,MATCH($B17,Task_Tracker!$A$5:$A$1004,0)),"")) | D17: =IF($B17="","",IFERROR(INDEX(Task_Tracker!$B$5:$B$1004,MATCH($B17,Task_Tracker!$A$5:$A$1004,0)),"")) | E17: Collect owner signoff dates | F17: Gather owner confirmations and availability. | G17: Pammi Gaur | H17: Not Started | I17: =IF($H17="","",IFERROR(INDEX(Action_Status_Map!$B$5:$B$11,MATCH($H17,Action_Status_Map!$A$5:$A$11,0)),"")) | J17: 46146 | K17: 46148 | M17: 2 | O17: =IF(OR($M17="",$N17=""),"",$N17-$M17) | P17: =IF($J17="","",IF($L17<>"",$L17-$J17,TODAY()-$J17)) | Q17: =IF(OR($K17="",$H17="Completed",$H17="Cancelled"),"",IF(AND($K17<TODAY(),$H17<>"Completed",$H17<>"Cancelled"),"Overdue","On Track")) | R17: Not yet started. | S17: =IF($B17="","",IFERROR(INDEX(Task_Tracker!$AA$5:$AA$1004,MATCH($B17,Task_Tracker!$A$5:$A$1004,0)),"")) | T17: =IF($B17="","",IFERROR(INDEX(Task_Tracker!$AB$5:$AB$1004,MATCH($B17,Task_Tracker!$A$5:$A$1004,0)),"")) | U17: =IF($B17="","",IFERROR(INDEX(Task_Tracker!$F$5:$F$1004,MATCH($B17,Task_Tracker!$A$5:$A$1004,0)),"")) | V17: =IF($B17="","",IFERROR(INDEX(Task_Tracker!$I$5:$I$1004,MATCH($B17,Task_Tracker!$A$5:$A$1004,0)),"")) | W17: =IF(OR($D17="",$B17=""),"",$D17&" | "&$B17) | X17: =IF($K17="","",TEXT($K17,"yyyy-mm")) | Y17: =IF(OR($A17="",$T17=""),"","Included in Manager_Report")
A18: =IF(COUNTA(B18:G18)=0,"","STP-"&TEXT(ROW()-4,"0000")) | B18: TSK-0005 | C18: =IF($B18="","",IFERROR(INDEX(Task_Tracker!$D$5:$D$1004,MATCH($B18,Task_Tracker!$A$5:$A$1004,0)),"")) | D18: =IF($B18="","",IFERROR(INDEX(Task_Tracker!$B$5:$B$1004,MATCH($B18,Task_Tracker!$A$5:$A$1004,0)),"")) | E18: Publish launch checklist | F18: Share final launch readiness checklist. | G18: Pammi Gaur | H18: Not Started | I18: =IF($H18="","",IFERROR(INDEX(Action_Status_Map!$B$5:$B$11,MATCH($H18,Action_Status_Map!$A$5:$A$11,0)),"")) | J18: 46148 | K18: 46150 | M18: 2 | O18: =IF(OR($M18="",$N18=""),"",$N18-$M18) | P18: =IF($J18="","",IF($L18<>"",$L18-$J18,TODAY()-$J18)) | Q18: =IF(OR($K18="",$H18="Completed",$H18="Cancelled"),"",IF(AND($K18<TODAY(),$H18<>"Completed",$H18<>"Cancelled"),"Overdue","On Track")) | R18: Scheduled after signoffs. | S18: =IF($B18="","",IFERROR(INDEX(Task_Tracker!$AA$5:$AA$1004,MATCH($B18,Task_Tracker!$A$5:$A$1004,0)),"")) | T18: =IF($B18="","",IFERROR(INDEX(Task_Tracker!$AB$5:$AB$1004,MATCH($B18,Task_Tracker!$A$5:$A$1004,0)),"")) | U18: =IF($B18="","",IFERROR(INDEX(Task_Tracker!$F$5:$F$1004,MATCH($B18,Task_Tracker!$A$5:$A$1004,0)),"")) | V18: =IF($B18="","",IFERROR(INDEX(Task_Tracker!$I$5:$I$1004,MATCH($B18,Task_Tracker!$A$5:$A$1004,0)),"")) | W18: =IF(OR($D18="",$B18=""),"",$D18&" | "&$B18) | X18: =IF($K18="","",TEXT($K18,"yyyy-mm")) | Y18: =IF(OR($A18="",$T18=""),"","Included in Manager_Report")
A19: =IF(COUNTA(B19:G19)=0,"","STP-"&TEXT(ROW()-4,"0000")) | B19: TSK-0006 | C19: =IF($B19="","",IFERROR(INDEX(Task_Tracker!$D$5:$D$1004,MATCH($B19,Task_Tracker!$A$5:$A$1004,0)),"")) | D19: =IF($B19="","",IFERROR(INDEX(Task_Tracker!$B$5:$B$1004,MATCH($B19,Task_Tracker!$A$5:$A$1004,0)),"")) | E19: Create defect categories | F19: Set defect categories and severity rules. | G19: Pankaj Vairagade | H19: Completed | I19: =IF($H19="","",IFERROR(INDEX(Action_Status_Map!$B$5:$B$11,MATCH($H19,Action_Status_Map!$A$5:$A$11,0)),"")) | J19: 46114 | K19: 46115 | L19: 46115 | M19: 3 | N19: 3 | O19: =IF(OR($M19="",$N19=""),"",$N19-$M19) | P19: =IF($J19="","",IF($L19<>"",$L19-$J19,TODAY()-$J19)) | Q19: =IF(OR($K19="",$H19="Completed",$H19="Cancelled"),"",IF(AND($K19<TODAY(),$H19<>"Completed",$H19<>"Cancelled"),"Overdue","On Track")) | R19: Categories created. | S19: =IF($B19="","",IFERROR(INDEX(Task_Tracker!$AA$5:$AA$1004,MATCH($B19,Task_Tracker!$A$5:$A$1004,0)),"")) | T19: =IF($B19="","",IFERROR(INDEX(Task_Tracker!$AB$5:$AB$1004,MATCH($B19,Task_Tracker!$A$5:$A$1004,0)),"")) | U19: =IF($B19="","",IFERROR(INDEX(Task_Tracker!$F$5:$F$1004,MATCH($B19,Task_Tracker!$A$5:$A$1004,0)),"")) | V19: =IF($B19="","",IFERROR(INDEX(Task_Tracker!$I$5:$I$1004,MATCH($B19,Task_Tracker!$A$5:$A$1004,0)),"")) | W19: =IF(OR($D19="",$B19=""),"",$D19&" | "&$B19) | X19: =IF($K19="","",TEXT($K19,"yyyy-mm")) | Y19: =IF(OR($A19="",$T19=""),"","Included in Manager_Report")
A20: =IF(COUNTA(B20:G20)=0,"","STP-"&TEXT(ROW()-4,"0000")) | B20: TSK-0006 | C20: =IF($B20="","",IFERROR(INDEX(Task_Tracker!$D$5:$D$1004,MATCH($B20,Task_Tracker!$A$5:$A$1004,0)),"")) | D20: =IF($B20="","",IFERROR(INDEX(Task_Tracker!$B$5:$B$1004,MATCH($B20,Task_Tracker!$A$5:$A$1004,0)),"")) | E20: Add testing owner matrix | F20: Assign owners and areas for UAT coverage. | G20: Pankaj Vairagade | H20: Completed | I20: =IF($H20="","",IFERROR(INDEX(Action_Status_Map!$B$5:$B$11,MATCH($H20,Action_Status_Map!$A$5:$A$11,0)),"")) | J20: 46115 | K20: 46117 | L20: 46117 | M20: 4 | N20: 5 | O20: =IF(OR($M20="",$N20=""),"",$N20-$M20) | P20: =IF($J20="","",IF($L20<>"",$L20-$J20,TODAY()-$J20)) | Q20: =IF(OR($K20="",$H20="Completed",$H20="Cancelled"),"",IF(AND($K20<TODAY(),$H20<>"Completed",$H20<>"Cancelled"),"Overdue","On Track")) | R20: Owner matrix completed. | S20: =IF($B20="","",IFERROR(INDEX(Task_Tracker!$AA$5:$AA$1004,MATCH($B20,Task_Tracker!$A$5:$A$1004,0)),"")) | T20: =IF($B20="","",IFERROR(INDEX(Task_Tracker!$AB$5:$AB$1004,MATCH($B20,Task_Tracker!$A$5:$A$1004,0)),"")) | U20: =IF($B20="","",IFERROR(INDEX(Task_Tracker!$F$5:$F$1004,MATCH($B20,Task_Tracker!$A$5:$A$1004,0)),"")) | V20: =IF($B20="","",IFERROR(INDEX(Task_Tracker!$I$5:$I$1004,MATCH($B20,Task_Tracker!$A$5:$A$1004,0)),"")) | W20: =IF(OR($D20="",$B20=""),"",$D20&" | "&$B20) | X20: =IF($K20="","",TEXT($K20,"yyyy-mm")) | Y20: =IF(OR($A20="",$T20=""),"","Included in Manager_Report")
A21: =IF(COUNTA(B21:G21)=0,"","STP-"&TEXT(ROW()-4,"0000")) | B21: TSK-0006 | C21: =IF($B21="","",IFERROR(INDEX(Task_Tracker!$D$5:$D$1004,MATCH($B21,Task_Tracker!$A$5:$A$1004,0)),"")) | D21: =IF($B21="","",IFERROR(INDEX(Task_Tracker!$B$5:$B$1004,MATCH($B21,Task_Tracker!$A$5:$A$1004,0)),"")) | E21: Share defect log template | F21: Issue the log template to the testing team. | G21: Pankaj Vairagade | H21: Completed | I21: =IF($H21="","",IFERROR(INDEX(Action_Status_Map!$B$5:$B$11,MATCH($H21,Action_Status_Map!$A$5:$A$11,0)),"")) | J21: 46118 | K21: 46119 | L21: 46119 | M21: 2 | N21: 2 | O21: =IF(OR($M21="",$N21=""),"",$N21-$M21) | P21: =IF($J21="","",IF($L21<>"",$L21-$J21,TODAY()-$J21)) | Q21: =IF(OR($K21="",$H21="Completed",$H21="Cancelled"),"",IF(AND($K21<TODAY(),$H21<>"Completed",$H21<>"Cancelled"),"Overdue","On Track")) | R21: Template published. | S21: =IF($B21="","",IFERROR(INDEX(Task_Tracker!$AA$5:$AA$1004,MATCH($B21,Task_Tracker!$A$5:$A$1004,0)),"")) | T21: =IF($B21="","",IFERROR(INDEX(Task_Tracker!$AB$5:$AB$1004,MATCH($B21,Task_Tracker!$A$5:$A$1004,0)),"")) | U21: =IF($B21="","",IFERROR(INDEX(Task_Tracker!$F$5:$F$1004,MATCH($B21,Task_Tracker!$A$5:$A$1004,0)),"")) | V21: =IF($B21="","",IFERROR(INDEX(Task_Tracker!$I$5:$I$1004,MATCH($B21,Task_Tracker!$A$5:$A$1004,0)),"")) | W21: =IF(OR($D21="",$B21=""),"",$D21&" | "&$B21) | X21: =IF($K21="","",TEXT($K21,"yyyy-mm")) | Y21: =IF(OR($A21="",$T21=""),"","Included in Manager_Report")
A22: =IF(COUNTA(B22:G22)=0,"","STP-"&TEXT(ROW()-4,"0000")) | B22: TSK-0007 | C22: =IF($B22="","",IFERROR(INDEX(Task_Tracker!$D$5:$D$1004,MATCH($B22,Task_Tracker!$A$5:$A$1004,0)),"")) | D22: =IF($B22="","",IFERROR(INDEX(Task_Tracker!$B$5:$B$1004,MATCH($B22,Task_Tracker!$A$5:$A$1004,0)),"")) | E22: Pull weekly raw metrics | F22: Collect weekly metrics from source sheets. | G22: Pankaj Vairagade | H22: Completed | I22: =IF($H22="","",IFERROR(INDEX(Action_Status_Map!$B$5:$B$11,MATCH($H22,Action_Status_Map!$A$5:$A$11,0)),"")) | J22: 46117 | K22: 46119 | L22: 46119 | M22: 4 | N22: 4 | O22: =IF(OR($M22="",$N22=""),"",$N22-$M22) | P22: =IF($J22="","",IF($L22<>"",$L22-$J22,TODAY()-$J22)) | Q22: =IF(OR($K22="",$H22="Completed",$H22="Cancelled"),"",IF(AND($K22<TODAY(),$H22<>"Completed",$H22<>"Cancelled"),"Overdue","On Track")) | R22: Raw data ready. | S22: =IF($B22="","",IFERROR(INDEX(Task_Tracker!$AA$5:$AA$1004,MATCH($B22,Task_Tracker!$A$5:$A$1004,0)),"")) | T22: =IF($B22="","",IFERROR(INDEX(Task_Tracker!$AB$5:$AB$1004,MATCH($B22,Task_Tracker!$A$5:$A$1004,0)),"")) | U22: =IF($B22="","",IFERROR(INDEX(Task_Tracker!$F$5:$F$1004,MATCH($B22,Task_Tracker!$A$5:$A$1004,0)),"")) | V22: =IF($B22="","",IFERROR(INDEX(Task_Tracker!$I$5:$I$1004,MATCH($B22,Task_Tracker!$A$5:$A$1004,0)),"")) | W22: =IF(OR($D22="",$B22=""),"",$D22&" | "&$B22) | X22: =IF($K22="","",TEXT($K22,"yyyy-mm")) | Y22: =IF(OR($A22="",$T22=""),"","Included in Manager_Report")
A23: =IF(COUNTA(B23:G23)=0,"","STP-"&TEXT(ROW()-4,"0000")) | B23: TSK-0007 | C23: =IF($B23="","",IFERROR(INDEX(Task_Tracker!$D$5:$D$1004,MATCH($B23,Task_Tracker!$A$5:$A$1004,0)),"")) | D23: =IF($B23="","",IFERROR(INDEX(Task_Tracker!$B$5:$B$1004,MATCH($B23,Task_Tracker!$A$5:$A$1004,0)),"")) | E23: Build leadership view | F23: Create the executive dashboard view. | G23: Pankaj Vairagade | H23: In Progress | I23: =IF($H23="","",IFERROR(INDEX(Action_Status_Map!$B$5:$B$11,MATCH($H23,Action_Status_Map!$A$5:$A$11,0)),"")) | J23: 46120 | K23: 46123 | M23: 6 | N23: 4 | O23: =IF(OR($M23="",$N23=""),"",$N23-$M23) | P23: =IF($J23="","",IF($L23<>"",$L23-$J23,TODAY()-$J23)) | Q23: =IF(OR($K23="",$H23="Completed",$H23="Cancelled"),"",IF(AND($K23<TODAY(),$H23<>"Completed",$H23<>"Cancelled"),"Overdue","On Track")) | R23: Core dashboard under build. | S23: =IF($B23="","",IFERROR(INDEX(Task_Tracker!$AA$5:$AA$1004,MATCH($B23,Task_Tracker!$A$5:$A$1004,0)),"")) | T23: =IF($B23="","",IFERROR(INDEX(Task_Tracker!$AB$5:$AB$1004,MATCH($B23,Task_Tracker!$A$5:$A$1004,0)),"")) | U23: =IF($B23="","",IFERROR(INDEX(Task_Tracker!$F$5:$F$1004,MATCH($B23,Task_Tracker!$A$5:$A$1004,0)),"")) | V23: =IF($B23="","",IFERROR(INDEX(Task_Tracker!$I$5:$I$1004,MATCH($B23,Task_Tracker!$A$5:$A$1004,0)),"")) | W23: =IF(OR($D23="",$B23=""),"",$D23&" | "&$B23) | X23: =IF($K23="","",TEXT($K23,"yyyy-mm")) | Y23: =IF(OR($A23="",$T23=""),"","Included in Manager_Report")
A24: =IF(COUNTA(B24:G24)=0,"","STP-"&TEXT(ROW()-4,"0000")) | B24: TSK-0007 | C24: =IF($B24="","",IFERROR(INDEX(Task_Tracker!$D$5:$D$1004,MATCH($B24,Task_Tracker!$A$5:$A$1004,0)),"")) | D24: =IF($B24="","",IFERROR(INDEX(Task_Tracker!$B$5:$B$1004,MATCH($B24,Task_Tracker!$A$5:$A$1004,0)),"")) | E24: QA formulas and refresh | F24: QA formulas and refresh process before publishing. | G24: Pankaj Vairagade | H24: Not Started | I24: =IF($H24="","",IFERROR(INDEX(Action_Status_Map!$B$5:$B$11,MATCH($H24,Action_Status_Map!$A$5:$A$11,0)),"")) | J24: 46123 | K24: 46127 | M24: 4 | N24: 1 | O24: =IF(OR($M24="",$N24=""),"",$N24-$M24) | P24: =IF($J24="","",IF($L24<>"",$L24-$J24,TODAY()-$J24)) | Q24: =IF(OR($K24="",$H24="Completed",$H24="Cancelled"),"",IF(AND($K24<TODAY(),$H24<>"Completed",$H24<>"Cancelled"),"Overdue","On Track")) | R24: Initial setup done; QA pending. | S24: =IF($B24="","",IFERROR(INDEX(Task_Tracker!$AA$5:$AA$1004,MATCH($B24,Task_Tracker!$A$5:$A$1004,0)),"")) | T24: =IF($B24="","",IFERROR(INDEX(Task_Tracker!$AB$5:$AB$1004,MATCH($B24,Task_Tracker!$A$5:$A$1004,0)),"")) | U24: =IF($B24="","",IFERROR(INDEX(Task_Tracker!$F$5:$F$1004,MATCH($B24,Task_Tracker!$A$5:$A$1004,0)),"")) | V24: =IF($B24="","",IFERROR(INDEX(Task_Tracker!$I$5:$I$1004,MATCH($B24,Task_Tracker!$A$5:$A$1004,0)),"")) | W24: =IF(OR($D24="",$B24=""),"",$D24&" | "&$B24) | X24: =IF($K24="","",TEXT($K24,"yyyy-mm")) | Y24: =IF(OR($A24="",$T24=""),"","Included in Manager_Report")
A25: =IF(COUNTA(B25:G25)=0,"","STP-"&TEXT(ROW()-4,"0000")) | B25: TSK-0008 | C25: =IF($B25="","",IFERROR(INDEX(Task_Tracker!$D$5:$D$1004,MATCH($B25,Task_Tracker!$A$5:$A$1004,0)),"")) | D25: =IF($B25="","",IFERROR(INDEX(Task_Tracker!$B$5:$B$1004,MATCH($B25,Task_Tracker!$A$5:$A$1004,0)),"")) | E25: Collect policy docs | F25: Collect current policy files and approvals. | G25: Pankaj Vairagade | H25: Completed | I25: =IF($H25="","",IFERROR(INDEX(Action_Status_Map!$B$5:$B$11,MATCH($H25,Action_Status_Map!$A$5:$A$11,0)),"")) | J25: 46116 | K25: 46118 | L25: 46118 | M25: 6 | N25: 5 | O25: =IF(OR($M25="",$N25=""),"",$N25-$M25) | P25: =IF($J25="","",IF($L25<>"",$L25-$J25,TODAY()-$J25)) | Q25: =IF(OR($K25="",$H25="Completed",$H25="Cancelled"),"",IF(AND($K25<TODAY(),$H25<>"Completed",$H25<>"Cancelled"),"Overdue","On Track")) | R25: Most policy documents received. | S25: =IF($B25="","",IFERROR(INDEX(Task_Tracker!$AA$5:$AA$1004,MATCH($B25,Task_Tracker!$A$5:$A$1004,0)),"")) | T25: =IF($B25="","",IFERROR(INDEX(Task_Tracker!$AB$5:$AB$1004,MATCH($B25,Task_Tracker!$A$5:$A$1004,0)),"")) | U25: =IF($B25="","",IFERROR(INDEX(Task_Tracker!$F$5:$F$1004,MATCH($B25,Task_Tracker!$A$5:$A$1004,0)),"")) | V25: =IF($B25="","",IFERROR(INDEX(Task_Tracker!$I$5:$I$1004,MATCH($B25,Task_Tracker!$A$5:$A$1004,0)),"")) | W25: =IF(OR($D25="",$B25=""),"",$D25&" | "&$B25) | X25: =IF($K25="","",TEXT($K25,"yyyy-mm")) | Y25: =IF(OR($A25="",$T25=""),"","Included in Manager_Report")
A26: =IF(COUNTA(B26:G26)=0,"","STP-"&TEXT(ROW()-4,"0000")) | B26: TSK-0008 | C26: =IF($B26="","",IFERROR(INDEX(Task_Tracker!$D$5:$D$1004,MATCH($B26,Task_Tracker!$A$5:$A$1004,0)),"")) | D26: =IF($B26="","",IFERROR(INDEX(Task_Tracker!$B$5:$B$1004,MATCH($B26,Task_Tracker!$A$5:$A$1004,0)),"")) | E26: Request legal confirmation | F26: Follow up with legal for missing approvals. | G26: Pankaj Vairagade | H26: On Hold | I26: =IF($H26="","",IFERROR(INDEX(Action_Status_Map!$B$5:$B$11,MATCH($H26,Action_Status_Map!$A$5:$A$11,0)),"")) | J26: 46118 | K26: 46120 | M26: 5 | O26: =IF(OR($M26="",$N26=""),"",$N26-$M26) | P26: =IF($J26="","",IF($L26<>"",$L26-$J26,TODAY()-$J26)) | Q26: =IF(OR($K26="",$H26="Completed",$H26="Cancelled"),"",IF(AND($K26<TODAY(),$H26<>"Completed",$H26<>"Cancelled"),"Overdue","On Track")) | R26: Waiting on legal team. | S26: =IF($B26="","",IFERROR(INDEX(Task_Tracker!$AA$5:$AA$1004,MATCH($B26,Task_Tracker!$A$5:$A$1004,0)),"")) | T26: =IF($B26="","",IFERROR(INDEX(Task_Tracker!$AB$5:$AB$1004,MATCH($B26,Task_Tracker!$A$5:$A$1004,0)),"")) | U26: =IF($B26="","",IFERROR(INDEX(Task_Tracker!$F$5:$F$1004,MATCH($B26,Task_Tracker!$A$5:$A$1004,0)),"")) | V26: =IF($B26="","",IFERROR(INDEX(Task_Tracker!$I$5:$I$1004,MATCH($B26,Task_Tracker!$A$5:$A$1004,0)),"")) | W26: =IF(OR($D26="",$B26=""),"",$D26&" | "&$B26) | X26: =IF($K26="","",TEXT($K26,"yyyy-mm")) | Y26: =IF(OR($A26="",$T26=""),"","Included in Manager_Report")
A27: =IF(COUNTA(B27:G27)=0,"","STP-"&TEXT(ROW()-4,"0000")) | B27: TSK-0008 | C27: =IF($B27="","",IFERROR(INDEX(Task_Tracker!$D$5:$D$1004,MATCH($B27,Task_Tracker!$A$5:$A$1004,0)),"")) | D27: =IF($B27="","",IFERROR(INDEX(Task_Tracker!$B$5:$B$1004,MATCH($B27,Task_Tracker!$A$5:$A$1004,0)),"")) | E27: Assemble evidence pack | F27: Compile final evidence pack for review. | G27: Pankaj Vairagade | H27: On Hold | I27: =IF($H27="","",IFERROR(INDEX(Action_Status_Map!$B$5:$B$11,MATCH($H27,Action_Status_Map!$A$5:$A$11,0)),"")) | J27: 46120 | K27: 46122 | M27: 5 | O27: =IF(OR($M27="",$N27=""),"",$N27-$M27) | P27: =IF($J27="","",IF($L27<>"",$L27-$J27,TODAY()-$J27)) | Q27: =IF(OR($K27="",$H27="Completed",$H27="Cancelled"),"",IF(AND($K27<TODAY(),$H27<>"Completed",$H27<>"Cancelled"),"Overdue","On Track")) | R27: Blocked until legal confirmation. | S27: =IF($B27="","",IFERROR(INDEX(Task_Tracker!$AA$5:$AA$1004,MATCH($B27,Task_Tracker!$A$5:$A$1004,0)),"")) | T27: =IF($B27="","",IFERROR(INDEX(Task_Tracker!$AB$5:$AB$1004,MATCH($B27,Task_Tracker!$A$5:$A$1004,0)),"")) | U27: =IF($B27="","",IFERROR(INDEX(Task_Tracker!$F$5:$F$1004,MATCH($B27,Task_Tracker!$A$5:$A$1004,0)),"")) | V27: =IF($B27="","",IFERROR(INDEX(Task_Tracker!$I$5:$I$1004,MATCH($B27,Task_Tracker!$A$5:$A$1004,0)),"")) | W27: =IF(OR($D27="",$B27=""),"",$D27&" | "&$B27) | X27: =IF($K27="","",TEXT($K27,"yyyy-mm")) | Y27: =IF(OR($A27="",$T27=""),"","Included in Manager_Report")
A28: =IF(COUNTA(B28:G28)=0,"","STP-"&TEXT(ROW()-4,"0000")) | B28: TSK-0009 | C28: =IF($B28="","",IFERROR(INDEX(Task_Tracker!$D$5:$D$1004,MATCH($B28,Task_Tracker!$A$5:$A$1004,0)),"")) | D28: =IF($B28="","",IFERROR(INDEX(Task_Tracker!$B$5:$B$1004,MATCH($B28,Task_Tracker!$A$5:$A$1004,0)),"")) | E28: Document current checklist | F28: Capture the current manual control checklist. | G28: Pankaj Vairagade | H28: Not Started | I28: =IF($H28="","",IFERROR(INDEX(Action_Status_Map!$B$5:$B$11,MATCH($H28,Action_Status_Map!$A$5:$A$11,0)),"")) | J28: 46123 | K28: 46126 | M28: 6 | O28: =IF(OR($M28="",$N28=""),"",$N28-$M28) | P28: =IF($J28="","",IF($L28<>"",$L28-$J28,TODAY()-$J28)) | Q28: =IF(OR($K28="",$H28="Completed",$H28="Cancelled"),"",IF(AND($K28<TODAY(),$H28<>"Completed",$H28<>"Cancelled"),"Overdue","On Track")) | R28: Planned for later in April. | S28: =IF($B28="","",IFERROR(INDEX(Task_Tracker!$AA$5:$AA$1004,MATCH($B28,Task_Tracker!$A$5:$A$1004,0)),"")) | T28: =IF($B28="","",IFERROR(INDEX(Task_Tracker!$AB$5:$AB$1004,MATCH($B28,Task_Tracker!$A$5:$A$1004,0)),"")) | U28: =IF($B28="","",IFERROR(INDEX(Task_Tracker!$F$5:$F$1004,MATCH($B28,Task_Tracker!$A$5:$A$1004,0)),"")) | V28: =IF($B28="","",IFERROR(INDEX(Task_Tracker!$I$5:$I$1004,MATCH($B28,Task_Tracker!$A$5:$A$1004,0)),"")) | W28: =IF(OR($D28="",$B28=""),"",$D28&" | "&$B28) | X28: =IF($K28="","",TEXT($K28,"yyyy-mm")) | Y28: =IF(OR($A28="",$T28=""),"","Included in Manager_Report")
A29: =IF(COUNTA(B29:G29)=0,"","STP-"&TEXT(ROW()-4,"0000")) | B29: TSK-0009 | C29: =IF($B29="","",IFERROR(INDEX(Task_Tracker!$D$5:$D$1004,MATCH($B29,Task_Tracker!$A$5:$A$1004,0)),"")) | D29: =IF($B29="","",IFERROR(INDEX(Task_Tracker!$B$5:$B$1004,MATCH($B29,Task_Tracker!$A$5:$A$1004,0)),"")) | E29: Review automation fields | F29: Review required fields and approval logic. | G29: Pankaj Vairagade | H29: Not Started | I29: =IF($H29="","",IFERROR(INDEX(Action_Status_Map!$B$5:$B$11,MATCH($H29,Action_Status_Map!$A$5:$A$11,0)),"")) | J29: 46127 | K29: 46130 | M29: 6 | O29: =IF(OR($M29="",$N29=""),"",$N29-$M29) | P29: =IF($J29="","",IF($L29<>"",$L29-$J29,TODAY()-$J29)) | Q29: =IF(OR($K29="",$H29="Completed",$H29="Cancelled"),"",IF(AND($K29<TODAY(),$H29<>"Completed",$H29<>"Cancelled"),"Overdue","On Track")) | R29: Awaiting kickoff. | S29: =IF($B29="","",IFERROR(INDEX(Task_Tracker!$AA$5:$AA$1004,MATCH($B29,Task_Tracker!$A$5:$A$1004,0)),"")) | T29: =IF($B29="","",IFERROR(INDEX(Task_Tracker!$AB$5:$AB$1004,MATCH($B29,Task_Tracker!$A$5:$A$1004,0)),"")) | U29: =IF($B29="","",IFERROR(INDEX(Task_Tracker!$F$5:$F$1004,MATCH($B29,Task_Tracker!$A$5:$A$1004,0)),"")) | V29: =IF($B29="","",IFERROR(INDEX(Task_Tracker!$I$5:$I$1004,MATCH($B29,Task_Tracker!$A$5:$A$1004,0)),"")) | W29: =IF(OR($D29="",$B29=""),"",$D29&" | "&$B29) | X29: =IF($K29="","",TEXT($K29,"yyyy-mm")) | Y29: =IF(OR($A29="",$T29=""),"","Included in Manager_Report")
A30: =IF(COUNTA(B30:G30)=0,"","STP-"&TEXT(ROW()-4,"0000")) | B30: TSK-0009 | C30: =IF($B30="","",IFERROR(INDEX(Task_Tracker!$D$5:$D$1004,MATCH($B30,Task_Tracker!$A$5:$A$1004,0)),"")) | D30: =IF($B30="","",IFERROR(INDEX(Task_Tracker!$B$5:$B$1004,MATCH($B30,Task_Tracker!$A$5:$A$1004,0)),"")) | E30: Configure final template | F30: Build the automated checklist template. | G30: Pankaj Vairagade | H30: Not Started | I30: =IF($H30="","",IFERROR(INDEX(Action_Status_Map!$B$5:$B$11,MATCH($H30,Action_Status_Map!$A$5:$A$11,0)),"")) | J30: 46130 | K30: 46134 | M30: 6 | O30: =IF(OR($M30="",$N30=""),"",$N30-$M30) | P30: =IF($J30="","",IF($L30<>"",$L30-$J30,TODAY()-$J30)) | Q30: =IF(OR($K30="",$H30="Completed",$H30="Cancelled"),"",IF(AND($K30<TODAY(),$H30<>"Completed",$H30<>"Cancelled"),"Overdue","On Track")) | R30: Start after design review. | S30: =IF($B30="","",IFERROR(INDEX(Task_Tracker!$AA$5:$AA$1004,MATCH($B30,Task_Tracker!$A$5:$A$1004,0)),"")) | T30: =IF($B30="","",IFERROR(INDEX(Task_Tracker!$AB$5:$AB$1004,MATCH($B30,Task_Tracker!$A$5:$A$1004,0)),"")) | U30: =IF($B30="","",IFERROR(INDEX(Task_Tracker!$F$5:$F$1004,MATCH($B30,Task_Tracker!$A$5:$A$1004,0)),"")) | V30: =IF($B30="","",IFERROR(INDEX(Task_Tracker!$I$5:$I$1004,MATCH($B30,Task_Tracker!$A$5:$A$1004,0)),"")) | W30: =IF(OR($D30="",$B30=""),"",$D30&" | "&$B30) | X30: =IF($K30="","",TEXT($K30,"yyyy-mm")) | Y30: =IF(OR($A30="",$T30=""),"","Included in Manager_Report")
A31: =IF(COUNTA(B31:G31)=0,"","STP-"&TEXT(ROW()-4,"0000")) | B31: TSK-0010 | C31: =IF($B31="","",IFERROR(INDEX(Task_Tracker!$D$5:$D$1004,MATCH($B31,Task_Tracker!$A$5:$A$1004,0)),"")) | D31: =IF($B31="","",IFERROR(INDEX(Task_Tracker!$B$5:$B$1004,MATCH($B31,Task_Tracker!$A$5:$A$1004,0)),"")) | E31: Review old workbook tabs | F31: Review and archive outdated workbook tabs. | G31: Pankaj Vairagade | H31: Completed | I31: =IF($H31="","",IFERROR(INDEX(Action_Status_Map!$B$5:$B$11,MATCH($H31,Action_Status_Map!$A$5:$A$11,0)),"")) | J31: 46105 | K31: 46106 | L31: 46105 | M31: 2 | N31: 1 | O31: =IF(OR($M31="",$N31=""),"",$N31-$M31) | P31: =IF($J31="","",IF($L31<>"",$L31-$J31,TODAY()-$J31)) | Q31: =IF(OR($K31="",$H31="Completed",$H31="Cancelled"),"",IF(AND($K31<TODAY(),$H31<>"Completed",$H31<>"Cancelled"),"Overdue","On Track")) | R31: Old tabs reviewed. | S31: =IF($B31="","",IFERROR(INDEX(Task_Tracker!$AA$5:$AA$1004,MATCH($B31,Task_Tracker!$A$5:$A$1004,0)),"")) | T31: =IF($B31="","",IFERROR(INDEX(Task_Tracker!$AB$5:$AB$1004,MATCH($B31,Task_Tracker!$A$5:$A$1004,0)),"")) | U31: =IF($B31="","",IFERROR(INDEX(Task_Tracker!$F$5:$F$1004,MATCH($B31,Task_Tracker!$A$5:$A$1004,0)),"")) | V31: =IF($B31="","",IFERROR(INDEX(Task_Tracker!$I$5:$I$1004,MATCH($B31,Task_Tracker!$A$5:$A$1004,0)),"")) | W31: =IF(OR($D31="",$B31=""),"",$D31&" | "&$B31) | X31: =IF($K31="","",TEXT($K31,"yyyy-mm")) | Y31: =IF(OR($A31="",$T31=""),"","Included in Manager_Report")
A32: =IF(COUNTA(B32:G32)=0,"","STP-"&TEXT(ROW()-4,"0000")) | B32: TSK-0010 | C32: =IF($B32="","",IFERROR(INDEX(Task_Tracker!$D$5:$D$1004,MATCH($B32,Task_Tracker!$A$5:$A$1004,0)),"")) | D32: =IF($B32="","",IFERROR(INDEX(Task_Tracker!$B$5:$B$1004,MATCH($B32,Task_Tracker!$A$5:$A$1004,0)),"")) | E32: Remove broken formulas | F32: Fix broken formulas and broken references. | G32: Pankaj Vairagade | H32: Completed | I32: =IF($H32="","",IFERROR(INDEX(Action_Status_Map!$B$5:$B$11,MATCH($H32,Action_Status_Map!$A$5:$A$11,0)),"")) | J32: 46106 | K32: 46108 | L32: 46108 | M32: 2 | N32: 2 | O32: =IF(OR($M32="",$N32=""),"",$N32-$M32) | P32: =IF($J32="","",IF($L32<>"",$L32-$J32,TODAY()-$J32)) | Q32: =IF(OR($K32="",$H32="Completed",$H32="Cancelled"),"",IF(AND($K32<TODAY(),$H32<>"Completed",$H32<>"Cancelled"),"Overdue","On Track")) | R32: Formula cleanup complete. | S32: =IF($B32="","",IFERROR(INDEX(Task_Tracker!$AA$5:$AA$1004,MATCH($B32,Task_Tracker!$A$5:$A$1004,0)),"")) | T32: =IF($B32="","",IFERROR(INDEX(Task_Tracker!$AB$5:$AB$1004,MATCH($B32,Task_Tracker!$A$5:$A$1004,0)),"")) | U32: =IF($B32="","",IFERROR(INDEX(Task_Tracker!$F$5:$F$1004,MATCH($B32,Task_Tracker!$A$5:$A$1004,0)),"")) | V32: =IF($B32="","",IFERROR(INDEX(Task_Tracker!$I$5:$I$1004,MATCH($B32,Task_Tracker!$A$5:$A$1004,0)),"")) | W32: =IF(OR($D32="",$B32=""),"",$D32&" | "&$B32) | X32: =IF($K32="","",TEXT($K32,"yyyy-mm")) | Y32: =IF(OR($A32="",$T32=""),"","Included in Manager_Report")
A33: =IF(COUNTA(B33:G33)=0,"","STP-"&TEXT(ROW()-4,"0000")) | B33: TSK-0010 | C33: =IF($B33="","",IFERROR(INDEX(Task_Tracker!$D$5:$D$1004,MATCH($B33,Task_Tracker!$A$5:$A$1004,0)),"")) | D33: =IF($B33="","",IFERROR(INDEX(Task_Tracker!$B$5:$B$1004,MATCH($B33,Task_Tracker!$A$5:$A$1004,0)),"")) | E33: Final QA and publish | F33: Final quality check and workbook publishing. | G33: Pankaj Vairagade | H33: Completed | I33: =IF($H33="","",IFERROR(INDEX(Action_Status_Map!$B$5:$B$11,MATCH($H33,Action_Status_Map!$A$5:$A$11,0)),"")) | J33: 46108 | K33: 46110 | L33: 46109 | M33: 1 | N33: 1 | O33: =IF(OR($M33="",$N33=""),"",$N33-$M33) | P33: =IF($J33="","",IF($L33<>"",$L33-$J33,TODAY()-$J33)) | Q33: =IF(OR($K33="",$H33="Completed",$H33="Cancelled"),"",IF(AND($K33<TODAY(),$H33<>"Completed",$H33<>"Cancelled"),"Overdue","On Track")) | R33: Final workbook published. | S33: =IF($B33="","",IFERROR(INDEX(Task_Tracker!$AA$5:$AA$1004,MATCH($B33,Task_Tracker!$A$5:$A$1004,0)),"")) | T33: =IF($B33="","",IFERROR(INDEX(Task_Tracker!$AB$5:$AB$1004,MATCH($B33,Task_Tracker!$A$5:$A$1004,0)),"")) | U33: =IF($B33="","",IFERROR(INDEX(Task_Tracker!$F$5:$F$1004,MATCH($B33,Task_Tracker!$A$5:$A$1004,0)),"")) | V33: =IF($B33="","",IFERROR(INDEX(Task_Tracker!$I$5:$I$1004,MATCH($B33,Task_Tracker!$A$5:$A$1004,0)),"")) | W33: =IF(OR($D33="",$B33=""),"",$D33&" | "&$B33) | X33: =IF($K33="","",TEXT($K33,"yyyy-mm")) | Y33: =IF(OR($A33="",$T33=""),"","Included in Manager_Report")
A34: =IF(COUNTA(B34:G34)=0,"","STP-"&TEXT(ROW()-4,"0000")) | C34: =IF($B34="","",IFERROR(INDEX(Task_Tracker!$D$5:$D$1004,MATCH($B34,Task_Tracker!$A$5:$A$1004,0)),"")) | D34: =IF($B34="","",IFERROR(INDEX(Task_Tracker!$B$5:$B$1004,MATCH($B34,Task_Tracker!$A$5:$A$1004,0)),"")) | I34: =IF($H34="","",IFERROR(INDEX(Action_Status_Map!$B$5:$B$11,MATCH($H34,Action_Status_Map!$A$5:$A$11,0)),"")) | O34: =IF(OR($M34="",$N34=""),"",$N34-$M34) | P34: =IF($J34="","",IF($L34<>"",$L34-$J34,TODAY()-$J34)) | Q34: =IF(OR($K34="",$H34="Completed",$H34="Cancelled"),"",IF(AND($K34<TODAY(),$H34<>"Completed",$H34<>"Cancelled"),"Overdue","On Track")) | S34: =IF($B34="","",IFERROR(INDEX(Task_Tracker!$AA$5:$AA$1004,MATCH($B34,Task_Tracker!$A$5:$A$1004,0)),"")) | T34: =IF($B34="","",IFERROR(INDEX(Task_Tracker!$AB$5:$AB$1004,MATCH($B34,Task_Tracker!$A$5:$A$1004,0)),"")) | U34: =IF($B34="","",IFERROR(INDEX(Task_Tracker!$F$5:$F$1004,MATCH($B34,Task_Tracker!$A$5:$A$1004,0)),"")) | V34: =IF($B34="","",IFERROR(INDEX(Task_Tracker!$I$5:$I$1004,MATCH($B34,Task_Tracker!$A$5:$A$1004,0)),"")) | W34: =IF(OR($D34="",$B34=""),"",$D34&" | "&$B34) | X34: =IF($K34="","",TEXT($K34,"yyyy-mm")) | Y34: =IF(OR($A34="",$T34=""),"","Included in Manager_Report")
A35: =IF(COUNTA(B35:G35)=0,"","STP-"&TEXT(ROW()-4,"0000")) | B35: =Task_Tracker!$A$15 | C35: =IF($B35="","",IFERROR(INDEX(Task_Tracker!$D$5:$D$1004,MATCH($B35,Task_Tracker!$A$5:$A$1004,0)),"")) | D35: =IF($B35="","",IFERROR(INDEX(Task_Tracker!$B$5:$B$1004,MATCH($B35,Task_Tracker!$A$5:$A$1004,0)),"")) | E35: Compile signoff evidence | F35: Gather UAT evidence and approval mails. | G35: Pammi Gaur | H35: Completed | I35: =IF($H35="","",IFERROR(INDEX(Action_Status_Map!$B$5:$B$11,MATCH($H35,Action_Status_Map!$A$5:$A$11,0)),"")) | J35: 46151 | K35: 46156 | L35: 46155 | M35: 3 | N35: 3 | O35: =IF(OR($M35="",$N35=""),"",$N35-$M35) | P35: =IF($J35="","",IF($L35<>"",$L35-$J35,TODAY()-$J35)) | Q35: =IF(OR($K35="",$H35="Completed",$H35="Cancelled"),"",IF(AND($K35<TODAY(),$H35<>"Completed",$H35<>"Cancelled"),"Overdue","On Track")) | R35: Evidence compiled. | S35: =IF($B35="","",IFERROR(INDEX(Task_Tracker!$AA$5:$AA$1004,MATCH($B35,Task_Tracker!$A$5:$A$1004,0)),"")) | T35: =IF($B35="","",IFERROR(INDEX(Task_Tracker!$AB$5:$AB$1004,MATCH($B35,Task_Tracker!$A$5:$A$1004,0)),"")) | U35: =IF($B35="","",IFERROR(INDEX(Task_Tracker!$F$5:$F$1004,MATCH($B35,Task_Tracker!$A$5:$A$1004,0)),"")) | V35: =IF($B35="","",IFERROR(INDEX(Task_Tracker!$I$5:$I$1004,MATCH($B35,Task_Tracker!$A$5:$A$1004,0)),"")) | W35: =IF(OR($D35="",$B35=""),"",$D35&" | "&$B35) | X35: =IF($K35="","",TEXT($K35,"yyyy-mm")) | Y35: =IF(OR($A35="",$T35=""),"","Included in Manager_Report")
A36: =IF(COUNTA(B36:G36)=0,"","STP-"&TEXT(ROW()-4,"0000")) | B36: =Task_Tracker!$A$15 | C36: =IF($B36="","",IFERROR(INDEX(Task_Tracker!$D$5:$D$1004,MATCH($B36,Task_Tracker!$A$5:$A$1004,0)),"")) | D36: =IF($B36="","",IFERROR(INDEX(Task_Tracker!$B$5:$B$1004,MATCH($B36,Task_Tracker!$A$5:$A$1004,0)),"")) | E36: Prepare release summary | F36: Draft final release notes and open items. | G36: Pammi Gaur | H36: Completed | I36: =IF($H36="","",IFERROR(INDEX(Action_Status_Map!$B$5:$B$11,MATCH($H36,Action_Status_Map!$A$5:$A$11,0)),"")) | J36: 46156 | K36: 46160 | L36: 46160 | M36: 3 | N36: 4 | O36: =IF(OR($M36="",$N36=""),"",$N36-$M36) | P36: =IF($J36="","",IF($L36<>"",$L36-$J36,TODAY()-$J36)) | Q36: =IF(OR($K36="",$H36="Completed",$H36="Cancelled"),"",IF(AND($K36<TODAY(),$H36<>"Completed",$H36<>"Cancelled"),"Overdue","On Track")) | R36: Summary shared. | S36: =IF($B36="","",IFERROR(INDEX(Task_Tracker!$AA$5:$AA$1004,MATCH($B36,Task_Tracker!$A$5:$A$1004,0)),"")) | T36: =IF($B36="","",IFERROR(INDEX(Task_Tracker!$AB$5:$AB$1004,MATCH($B36,Task_Tracker!$A$5:$A$1004,0)),"")) | U36: =IF($B36="","",IFERROR(INDEX(Task_Tracker!$F$5:$F$1004,MATCH($B36,Task_Tracker!$A$5:$A$1004,0)),"")) | V36: =IF($B36="","",IFERROR(INDEX(Task_Tracker!$I$5:$I$1004,MATCH($B36,Task_Tracker!$A$5:$A$1004,0)),"")) | W36: =IF(OR($D36="",$B36=""),"",$D36&" | "&$B36) | X36: =IF($K36="","",TEXT($K36,"yyyy-mm")) | Y36: =IF(OR($A36="",$T36=""),"","Included in Manager_Report")
A37: =IF(COUNTA(B37:G37)=0,"","STP-"&TEXT(ROW()-4,"0000")) | B37: =Task_Tracker!$A$15 | C37: =IF($B37="","",IFERROR(INDEX(Task_Tracker!$D$5:$D$1004,MATCH($B37,Task_Tracker!$A$5:$A$1004,0)),"")) | D37: =IF($B37="","",IFERROR(INDEX(Task_Tracker!$B$5:$B$1004,MATCH($B37,Task_Tracker!$A$5:$A$1004,0)),"")) | E37: Obtain final signoff | F37: Secure sponsor approval for go-live readiness. | G37: Pammi Gaur | H37: Completed | I37: =IF($H37="","",IFERROR(INDEX(Action_Status_Map!$B$5:$B$11,MATCH($H37,Action_Status_Map!$A$5:$A$11,0)),"")) | J37: 46160 | K37: 46162 | L37: 46161 | M37: 2 | N37: 2 | O37: =IF(OR($M37="",$N37=""),"",$N37-$M37) | P37: =IF($J37="","",IF($L37<>"",$L37-$J37,TODAY()-$J37)) | Q37: =IF(OR($K37="",$H37="Completed",$H37="Cancelled"),"",IF(AND($K37<TODAY(),$H37<>"Completed",$H37<>"Cancelled"),"Overdue","On Track")) | R37: Signoff received early. | S37: =IF($B37="","",IFERROR(INDEX(Task_Tracker!$AA$5:$AA$1004,MATCH($B37,Task_Tracker!$A$5:$A$1004,0)),"")) | T37: =IF($B37="","",IFERROR(INDEX(Task_Tracker!$AB$5:$AB$1004,MATCH($B37,Task_Tracker!$A$5:$A$1004,0)),"")) | U37: =IF($B37="","",IFERROR(INDEX(Task_Tracker!$F$5:$F$1004,MATCH($B37,Task_Tracker!$A$5:$A$1004,0)),"")) | V37: =IF($B37="","",IFERROR(INDEX(Task_Tracker!$I$5:$I$1004,MATCH($B37,Task_Tracker!$A$5:$A$1004,0)),"")) | W37: =IF(OR($D37="",$B37=""),"",$D37&" | "&$B37) | X37: =IF($K37="","",TEXT($K37,"yyyy-mm")) | Y37: =IF(OR($A37="",$T37=""),"","Included in Manager_Report")
A38: =IF(COUNTA(B38:G38)=0,"","STP-"&TEXT(ROW()-4,"0000")) | B38: =Task_Tracker!$A$16 | C38: =IF($B38="","",IFERROR(INDEX(Task_Tracker!$D$5:$D$1004,MATCH($B38,Task_Tracker!$A$5:$A$1004,0)),"")) | D38: =IF($B38="","",IFERROR(INDEX(Task_Tracker!$B$5:$B$1004,MATCH($B38,Task_Tracker!$A$5:$A$1004,0)),"")) | E38: Draft cutover checklist | F38: Prepare the version 1 cutover task list. | G38: Pammi Gaur | H38: Completed | I38: =IF($H38="","",IFERROR(INDEX(Action_Status_Map!$B$5:$B$11,MATCH($H38,Action_Status_Map!$A$5:$A$11,0)),"")) | J38: 46174 | K38: 46175 | L38: 46175 | M38: 3 | N38: 3 | O38: =IF(OR($M38="",$N38=""),"",$N38-$M38) | P38: =IF($J38="","",IF($L38<>"",$L38-$J38,TODAY()-$J38)) | Q38: =IF(OR($K38="",$H38="Completed",$H38="Cancelled"),"",IF(AND($K38<TODAY(),$H38<>"Completed",$H38<>"Cancelled"),"Overdue","On Track")) | R38: Version 1 ready. | S38: =IF($B38="","",IFERROR(INDEX(Task_Tracker!$AA$5:$AA$1004,MATCH($B38,Task_Tracker!$A$5:$A$1004,0)),"")) | T38: =IF($B38="","",IFERROR(INDEX(Task_Tracker!$AB$5:$AB$1004,MATCH($B38,Task_Tracker!$A$5:$A$1004,0)),"")) | U38: =IF($B38="","",IFERROR(INDEX(Task_Tracker!$F$5:$F$1004,MATCH($B38,Task_Tracker!$A$5:$A$1004,0)),"")) | V38: =IF($B38="","",IFERROR(INDEX(Task_Tracker!$I$5:$I$1004,MATCH($B38,Task_Tracker!$A$5:$A$1004,0)),"")) | W38: =IF(OR($D38="",$B38=""),"",$D38&" | "&$B38) | X38: =IF($K38="","",TEXT($K38,"yyyy-mm")) | Y38: =IF(OR($A38="",$T38=""),"","Included in Manager_Report")
A39: =IF(COUNTA(B39:G39)=0,"","STP-"&TEXT(ROW()-4,"0000")) | B39: =Task_Tracker!$A$16 | C39: =IF($B39="","",IFERROR(INDEX(Task_Tracker!$D$5:$D$1004,MATCH($B39,Task_Tracker!$A$5:$A$1004,0)),"")) | D39: =IF($B39="","",IFERROR(INDEX(Task_Tracker!$B$5:$B$1004,MATCH($B39,Task_Tracker!$A$5:$A$1004,0)),"")) | E39: Review dependencies | F39: Confirm owners, timings, and dependencies. | G39: Pammi Gaur | H39: In Progress | I39: =IF($H39="","",IFERROR(INDEX(Action_Status_Map!$B$5:$B$11,MATCH($H39,Action_Status_Map!$A$5:$A$11,0)),"")) | J39: 46175 | K39: 46177 | M39: 4 | N39: 1 | O39: =IF(OR($M39="",$N39=""),"",$N39-$M39) | P39: =IF($J39="","",IF($L39<>"",$L39-$J39,TODAY()-$J39)) | Q39: =IF(OR($K39="",$H39="Completed",$H39="Cancelled"),"",IF(AND($K39<TODAY(),$H39<>"Completed",$H39<>"Cancelled"),"Overdue","On Track")) | R39: Dependency review ongoing. | S39: =IF($B39="","",IFERROR(INDEX(Task_Tracker!$AA$5:$AA$1004,MATCH($B39,Task_Tracker!$A$5:$A$1004,0)),"")) | T39: =IF($B39="","",IFERROR(INDEX(Task_Tracker!$AB$5:$AB$1004,MATCH($B39,Task_Tracker!$A$5:$A$1004,0)),"")) | U39: =IF($B39="","",IFERROR(INDEX(Task_Tracker!$F$5:$F$1004,MATCH($B39,Task_Tracker!$A$5:$A$1004,0)),"")) | V39: =IF($B39="","",IFERROR(INDEX(Task_Tracker!$I$5:$I$1004,MATCH($B39,Task_Tracker!$A$5:$A$1004,0)),"")) | W39: =IF(OR($D39="",$B39=""),"",$D39&" | "&$B39) | X39: =IF($K39="","",TEXT($K39,"yyyy-mm")) | Y39: =IF(OR($A39="",$T39=""),"","Included in Manager_Report")
A40: =IF(COUNTA(B40:G40)=0,"","STP-"&TEXT(ROW()-4,"0000")) | B40: =Task_Tracker!$A$16 | C40: =IF($B40="","",IFERROR(INDEX(Task_Tracker!$D$5:$D$1004,MATCH($B40,Task_Tracker!$A$5:$A$1004,0)),"")) | D40: =IF($B40="","",IFERROR(INDEX(Task_Tracker!$B$5:$B$1004,MATCH($B40,Task_Tracker!$A$5:$A$1004,0)),"")) | E40: Finalize rollback plan | F40: Complete rollback and escalation details. | G40: Pammi Gaur | H40: Not Started | I40: =IF($H40="","",IFERROR(INDEX(Action_Status_Map!$B$5:$B$11,MATCH($H40,Action_Status_Map!$A$5:$A$11,0)),"")) | J40: 46177 | K40: 46179 | M40: 3 | O40: =IF(OR($M40="",$N40=""),"",$N40-$M40) | P40: =IF($J40="","",IF($L40<>"",$L40-$J40,TODAY()-$J40)) | Q40: =IF(OR($K40="",$H40="Completed",$H40="Cancelled"),"",IF(AND($K40<TODAY(),$H40<>"Completed",$H40<>"Cancelled"),"Overdue","On Track")) | R40: Pending final approval. | S40: =IF($B40="","",IFERROR(INDEX(Task_Tracker!$AA$5:$AA$1004,MATCH($B40,Task_Tracker!$A$5:$A$1004,0)),"")) | T40: =IF($B40="","",IFERROR(INDEX(Task_Tracker!$AB$5:$AB$1004,MATCH($B40,Task_Tracker!$A$5:$A$1004,0)),"")) | U40: =IF($B40="","",IFERROR(INDEX(Task_Tracker!$F$5:$F$1004,MATCH($B40,Task_Tracker!$A$5:$A$1004,0)),"")) | V40: =IF($B40="","",IFERROR(INDEX(Task_Tracker!$I$5:$I$1004,MATCH($B40,Task_Tracker!$A$5:$A$1004,0)),"")) | W40: =IF(OR($D40="",$B40=""),"",$D40&" | "&$B40) | X40: =IF($K40="","",TEXT($K40,"yyyy-mm")) | Y40: =IF(OR($A40="",$T40=""),"","Included in Manager_Report")
A41: =IF(COUNTA(B41:G41)=0,"","STP-"&TEXT(ROW()-4,"0000")) | B41: =Task_Tracker!$A$17 | C41: =IF($B41="","",IFERROR(INDEX(Task_Tracker!$D$5:$D$1004,MATCH($B41,Task_Tracker!$A$5:$A$1004,0)),"")) | D41: =IF($B41="","",IFERROR(INDEX(Task_Tracker!$B$5:$B$1004,MATCH($B41,Task_Tracker!$A$5:$A$1004,0)),"")) | E41: Build dashboard draft | F41: Create the first pack with required charts. | G41: Pankaj Vairagade | H41: Completed | I41: =IF($H41="","",IFERROR(INDEX(Action_Status_Map!$B$5:$B$11,MATCH($H41,Action_Status_Map!$A$5:$A$11,0)),"")) | J41: 46156 | K41: 46160 | L41: 46160 | M41: 4 | N41: 4 | O41: =IF(OR($M41="",$N41=""),"",$N41-$M41) | P41: =IF($J41="","",IF($L41<>"",$L41-$J41,TODAY()-$J41)) | Q41: =IF(OR($K41="",$H41="Completed",$H41="Cancelled"),"",IF(AND($K41<TODAY(),$H41<>"Completed",$H41<>"Cancelled"),"Overdue","On Track")) | R41: Draft built. | S41: =IF($B41="","",IFERROR(INDEX(Task_Tracker!$AA$5:$AA$1004,MATCH($B41,Task_Tracker!$A$5:$A$1004,0)),"")) | T41: =IF($B41="","",IFERROR(INDEX(Task_Tracker!$AB$5:$AB$1004,MATCH($B41,Task_Tracker!$A$5:$A$1004,0)),"")) | U41: =IF($B41="","",IFERROR(INDEX(Task_Tracker!$F$5:$F$1004,MATCH($B41,Task_Tracker!$A$5:$A$1004,0)),"")) | V41: =IF($B41="","",IFERROR(INDEX(Task_Tracker!$I$5:$I$1004,MATCH($B41,Task_Tracker!$A$5:$A$1004,0)),"")) | W41: =IF(OR($D41="",$B41=""),"",$D41&" | "&$B41) | X41: =IF($K41="","",TEXT($K41,"yyyy-mm")) | Y41: =IF(OR($A41="",$T41=""),"","Included in Manager_Report")
A42: =IF(COUNTA(B42:G42)=0,"","STP-"&TEXT(ROW()-4,"0000")) | B42: =Task_Tracker!$A$17 | C42: =IF($B42="","",IFERROR(INDEX(Task_Tracker!$D$5:$D$1004,MATCH($B42,Task_Tracker!$A$5:$A$1004,0)),"")) | D42: =IF($B42="","",IFERROR(INDEX(Task_Tracker!$B$5:$B$1004,MATCH($B42,Task_Tracker!$A$5:$A$1004,0)),"")) | E42: Validate audit numbers | F42: Cross-check source data and totals. | G42: Pankaj Vairagade | H42: Review | I42: =IF($H42="","",IFERROR(INDEX(Action_Status_Map!$B$5:$B$11,MATCH($H42,Action_Status_Map!$A$5:$A$11,0)),"")) | J42: 46160 | K42: 46164 | M42: 4 | N42: 4 | O42: =IF(OR($M42="",$N42=""),"",$N42-$M42) | P42: =IF($J42="","",IF($L42<>"",$L42-$J42,TODAY()-$J42)) | Q42: =IF(OR($K42="",$H42="Completed",$H42="Cancelled"),"",IF(AND($K42<TODAY(),$H42<>"Completed",$H42<>"Cancelled"),"Overdue","On Track")) | R42: Under QA review. | S42: =IF($B42="","",IFERROR(INDEX(Task_Tracker!$AA$5:$AA$1004,MATCH($B42,Task_Tracker!$A$5:$A$1004,0)),"")) | T42: =IF($B42="","",IFERROR(INDEX(Task_Tracker!$AB$5:$AB$1004,MATCH($B42,Task_Tracker!$A$5:$A$1004,0)),"")) | U42: =IF($B42="","",IFERROR(INDEX(Task_Tracker!$F$5:$F$1004,MATCH($B42,Task_Tracker!$A$5:$A$1004,0)),"")) | V42: =IF($B42="","",IFERROR(INDEX(Task_Tracker!$I$5:$I$1004,MATCH($B42,Task_Tracker!$A$5:$A$1004,0)),"")) | W42: =IF(OR($D42="",$B42=""),"",$D42&" | "&$B42) | X42: =IF($K42="","",TEXT($K42,"yyyy-mm")) | Y42: =IF(OR($A42="",$T42=""),"","Included in Manager_Report")
A43: =IF(COUNTA(B43:G43)=0,"","STP-"&TEXT(ROW()-4,"0000")) | B43: =Task_Tracker!$A$17 | C43: =IF($B43="","",IFERROR(INDEX(Task_Tracker!$D$5:$D$1004,MATCH($B43,Task_Tracker!$A$5:$A$1004,0)),"")) | D43: =IF($B43="","",IFERROR(INDEX(Task_Tracker!$B$5:$B$1004,MATCH($B43,Task_Tracker!$A$5:$A$1004,0)),"")) | E43: Finalize management pack | F43: Freeze the final version for circulation. | G43: Pankaj Vairagade | H43: Not Started | I43: =IF($H43="","",IFERROR(INDEX(Action_Status_Map!$B$5:$B$11,MATCH($H43,Action_Status_Map!$A$5:$A$11,0)),"")) | J43: 46164 | K43: 46167 | M43: 3 | N43: 2 | O43: =IF(OR($M43="",$N43=""),"",$N43-$M43) | P43: =IF($J43="","",IF($L43<>"",$L43-$J43,TODAY()-$J43)) | Q43: =IF(OR($K43="",$H43="Completed",$H43="Cancelled"),"",IF(AND($K43<TODAY(),$H43<>"Completed",$H43<>"Cancelled"),"Overdue","On Track")) | R43: Awaiting comments. | S43: =IF($B43="","",IFERROR(INDEX(Task_Tracker!$AA$5:$AA$1004,MATCH($B43,Task_Tracker!$A$5:$A$1004,0)),"")) | T43: =IF($B43="","",IFERROR(INDEX(Task_Tracker!$AB$5:$AB$1004,MATCH($B43,Task_Tracker!$A$5:$A$1004,0)),"")) | U43: =IF($B43="","",IFERROR(INDEX(Task_Tracker!$F$5:$F$1004,MATCH($B43,Task_Tracker!$A$5:$A$1004,0)),"")) | V43: =IF($B43="","",IFERROR(INDEX(Task_Tracker!$I$5:$I$1004,MATCH($B43,Task_Tracker!$A$5:$A$1004,0)),"")) | W43: =IF(OR($D43="",$B43=""),"",$D43&" | "&$B43) | X43: =IF($K43="","",TEXT($K43,"yyyy-mm")) | Y43: =IF(OR($A43="",$T43=""),"","Included in Manager_Report")
A44: =IF(COUNTA(B44:G44)=0,"","STP-"&TEXT(ROW()-4,"0000")) | B44: =Task_Tracker!$A$18 | C44: =IF($B44="","",IFERROR(INDEX(Task_Tracker!$D$5:$D$1004,MATCH($B44,Task_Tracker!$A$5:$A$1004,0)),"")) | D44: =IF($B44="","",IFERROR(INDEX(Task_Tracker!$B$5:$B$1004,MATCH($B44,Task_Tracker!$A$5:$A$1004,0)),"")) | E44: Collect SOP change requests | F44: Gather updates from process owners. | G44: Pankaj Vairagade | H44: Not Started | I44: =IF($H44="","",IFERROR(INDEX(Action_Status_Map!$B$5:$B$11,MATCH($H44,Action_Status_Map!$A$5:$A$11,0)),"")) | J44: 46176 | K44: 46178 | M44: 4 | O44: =IF(OR($M44="",$N44=""),"",$N44-$M44) | P44: =IF($J44="","",IF($L44<>"",$L44-$J44,TODAY()-$J44)) | Q44: =IF(OR($K44="",$H44="Completed",$H44="Cancelled"),"",IF(AND($K44<TODAY(),$H44<>"Completed",$H44<>"Cancelled"),"Overdue","On Track")) | R44: Planned. | S44: =IF($B44="","",IFERROR(INDEX(Task_Tracker!$AA$5:$AA$1004,MATCH($B44,Task_Tracker!$A$5:$A$1004,0)),"")) | T44: =IF($B44="","",IFERROR(INDEX(Task_Tracker!$AB$5:$AB$1004,MATCH($B44,Task_Tracker!$A$5:$A$1004,0)),"")) | U44: =IF($B44="","",IFERROR(INDEX(Task_Tracker!$F$5:$F$1004,MATCH($B44,Task_Tracker!$A$5:$A$1004,0)),"")) | V44: =IF($B44="","",IFERROR(INDEX(Task_Tracker!$I$5:$I$1004,MATCH($B44,Task_Tracker!$A$5:$A$1004,0)),"")) | W44: =IF(OR($D44="",$B44=""),"",$D44&" | "&$B44) | X44: =IF($K44="","",TEXT($K44,"yyyy-mm")) | Y44: =IF(OR($A44="",$T44=""),"","Included in Manager_Report")
A45: =IF(COUNTA(B45:G45)=0,"","STP-"&TEXT(ROW()-4,"0000")) | B45: =Task_Tracker!$A$18 | C45: =IF($B45="","",IFERROR(INDEX(Task_Tracker!$D$5:$D$1004,MATCH($B45,Task_Tracker!$A$5:$A$1004,0)),"")) | D45: =IF($B45="","",IFERROR(INDEX(Task_Tracker!$B$5:$B$1004,MATCH($B45,Task_Tracker!$A$5:$A$1004,0)),"")) | E45: Update SOP draft | F45: Incorporate changes and examples. | G45: Pankaj Vairagade | H45: Not Started | I45: =IF($H45="","",IFERROR(INDEX(Action_Status_Map!$B$5:$B$11,MATCH($H45,Action_Status_Map!$A$5:$A$11,0)),"")) | J45: 46178 | K45: 46181 | M45: 5 | O45: =IF(OR($M45="",$N45=""),"",$N45-$M45) | P45: =IF($J45="","",IF($L45<>"",$L45-$J45,TODAY()-$J45)) | Q45: =IF(OR($K45="",$H45="Completed",$H45="Cancelled"),"",IF(AND($K45<TODAY(),$H45<>"Completed",$H45<>"Cancelled"),"Overdue","On Track")) | R45: Not started. | S45: =IF($B45="","",IFERROR(INDEX(Task_Tracker!$AA$5:$AA$1004,MATCH($B45,Task_Tracker!$A$5:$A$1004,0)),"")) | T45: =IF($B45="","",IFERROR(INDEX(Task_Tracker!$AB$5:$AB$1004,MATCH($B45,Task_Tracker!$A$5:$A$1004,0)),"")) | U45: =IF($B45="","",IFERROR(INDEX(Task_Tracker!$F$5:$F$1004,MATCH($B45,Task_Tracker!$A$5:$A$1004,0)),"")) | V45: =IF($B45="","",IFERROR(INDEX(Task_Tracker!$I$5:$I$1004,MATCH($B45,Task_Tracker!$A$5:$A$1004,0)),"")) | W45: =IF(OR($D45="",$B45=""),"",$D45&" | "&$B45) | X45: =IF($K45="","",TEXT($K45,"yyyy-mm")) | Y45: =IF(OR($A45="",$T45=""),"","Included in Manager_Report")
A46: =IF(COUNTA(B46:G46)=0,"","STP-"&TEXT(ROW()-4,"0000")) | B46: =Task_Tracker!$A$18 | C46: =IF($B46="","",IFERROR(INDEX(Task_Tracker!$D$5:$D$1004,MATCH($B46,Task_Tracker!$A$5:$A$1004,0)),"")) | D46: =IF($B46="","",IFERROR(INDEX(Task_Tracker!$B$5:$B$1004,MATCH($B46,Task_Tracker!$A$5:$A$1004,0)),"")) | E46: Publish final SOP | F46: Release approved SOP version 2. | G46: Pankaj Vairagade | H46: Not Started | I46: =IF($H46="","",IFERROR(INDEX(Action_Status_Map!$B$5:$B$11,MATCH($H46,Action_Status_Map!$A$5:$A$11,0)),"")) | J46: 46181 | K46: 46183 | M46: 3 | O46: =IF(OR($M46="",$N46=""),"",$N46-$M46) | P46: =IF($J46="","",IF($L46<>"",$L46-$J46,TODAY()-$J46)) | Q46: =IF(OR($K46="",$H46="Completed",$H46="Cancelled"),"",IF(AND($K46<TODAY(),$H46<>"Completed",$H46<>"Cancelled"),"Overdue","On Track")) | R46: Pending review. | S46: =IF($B46="","",IFERROR(INDEX(Task_Tracker!$AA$5:$AA$1004,MATCH($B46,Task_Tracker!$A$5:$A$1004,0)),"")) | T46: =IF($B46="","",IFERROR(INDEX(Task_Tracker!$AB$5:$AB$1004,MATCH($B46,Task_Tracker!$A$5:$A$1004,0)),"")) | U46: =IF($B46="","",IFERROR(INDEX(Task_Tracker!$F$5:$F$1004,MATCH($B46,Task_Tracker!$A$5:$A$1004,0)),"")) | V46: =IF($B46="","",IFERROR(INDEX(Task_Tracker!$I$5:$I$1004,MATCH($B46,Task_Tracker!$A$5:$A$1004,0)),"")) | W46: =IF(OR($D46="",$B46=""),"",$D46&" | "&$B46) | X46: =IF($K46="","",TEXT($K46,"yyyy-mm")) | Y46: =IF(OR($A46="",$T46=""),"","Included in Manager_Report")
A47: =IF(COUNTA(B47:G47)=0,"","STP-"&TEXT(ROW()-4,"0000")) | B47: =Task_Tracker!$A$19 | C47: =IF($B47="","",IFERROR(INDEX(Task_Tracker!$D$5:$D$1004,MATCH($B47,Task_Tracker!$A$5:$A$1004,0)),"")) | D47: =IF($B47="","",IFERROR(INDEX(Task_Tracker!$B$5:$B$1004,MATCH($B47,Task_Tracker!$A$5:$A$1004,0)),"")) | E47: Collect readiness inputs | F47: Request launch readiness updates from teams. | G47: Pammi Gaur | H47: Not Started | I47: =IF($H47="","",IFERROR(INDEX(Action_Status_Map!$B$5:$B$11,MATCH($H47,Action_Status_Map!$A$5:$A$11,0)),"")) | J47: 46204 | K47: 46205 | M47: 2 | O47: =IF(OR($M47="",$N47=""),"",$N47-$M47) | P47: =IF($J47="","",IF($L47<>"",$L47-$J47,TODAY()-$J47)) | Q47: =IF(OR($K47="",$H47="Completed",$H47="Cancelled"),"",IF(AND($K47<TODAY(),$H47<>"Completed",$H47<>"Cancelled"),"Overdue","On Track")) | R47: Planned. | S47: =IF($B47="","",IFERROR(INDEX(Task_Tracker!$AA$5:$AA$1004,MATCH($B47,Task_Tracker!$A$5:$A$1004,0)),"")) | T47: =IF($B47="","",IFERROR(INDEX(Task_Tracker!$AB$5:$AB$1004,MATCH($B47,Task_Tracker!$A$5:$A$1004,0)),"")) | U47: =IF($B47="","",IFERROR(INDEX(Task_Tracker!$F$5:$F$1004,MATCH($B47,Task_Tracker!$A$5:$A$1004,0)),"")) | V47: =IF($B47="","",IFERROR(INDEX(Task_Tracker!$I$5:$I$1004,MATCH($B47,Task_Tracker!$A$5:$A$1004,0)),"")) | W47: =IF(OR($D47="",$B47=""),"",$D47&" | "&$B47) | X47: =IF($K47="","",TEXT($K47,"yyyy-mm")) | Y47: =IF(OR($A47="",$T47=""),"","Included in Manager_Report")
A48: =IF(COUNTA(B48:G48)=0,"","STP-"&TEXT(ROW()-4,"0000")) | B48: =Task_Tracker!$A$19 | C48: =IF($B48="","",IFERROR(INDEX(Task_Tracker!$D$5:$D$1004,MATCH($B48,Task_Tracker!$A$5:$A$1004,0)),"")) | D48: =IF($B48="","",IFERROR(INDEX(Task_Tracker!$B$5:$B$1004,MATCH($B48,Task_Tracker!$A$5:$A$1004,0)),"")) | E48: Review risks and mitigations | F48: Update final risk log and owners. | G48: Pammi Gaur | H48: Not Started | I48: =IF($H48="","",IFERROR(INDEX(Action_Status_Map!$B$5:$B$11,MATCH($H48,Action_Status_Map!$A$5:$A$11,0)),"")) | J48: 46205 | K48: 46207 | M48: 3 | O48: =IF(OR($M48="",$N48=""),"",$N48-$M48) | P48: =IF($J48="","",IF($L48<>"",$L48-$J48,TODAY()-$J48)) | Q48: =IF(OR($K48="",$H48="Completed",$H48="Cancelled"),"",IF(AND($K48<TODAY(),$H48<>"Completed",$H48<>"Cancelled"),"Overdue","On Track")) | R48: Planned. | S48: =IF($B48="","",IFERROR(INDEX(Task_Tracker!$AA$5:$AA$1004,MATCH($B48,Task_Tracker!$A$5:$A$1004,0)),"")) | T48: =IF($B48="","",IFERROR(INDEX(Task_Tracker!$AB$5:$AB$1004,MATCH($B48,Task_Tracker!$A$5:$A$1004,0)),"")) | U48: =IF($B48="","",IFERROR(INDEX(Task_Tracker!$F$5:$F$1004,MATCH($B48,Task_Tracker!$A$5:$A$1004,0)),"")) | V48: =IF($B48="","",IFERROR(INDEX(Task_Tracker!$I$5:$I$1004,MATCH($B48,Task_Tracker!$A$5:$A$1004,0)),"")) | W48: =IF(OR($D48="",$B48=""),"",$D48&" | "&$B48) | X48: =IF($K48="","",TEXT($K48,"yyyy-mm")) | Y48: =IF(OR($A48="",$T48=""),"","Included in Manager_Report")
A49: =IF(COUNTA(B49:G49)=0,"","STP-"&TEXT(ROW()-4,"0000")) | B49: =Task_Tracker!$A$19 | C49: =IF($B49="","",IFERROR(INDEX(Task_Tracker!$D$5:$D$1004,MATCH($B49,Task_Tracker!$A$5:$A$1004,0)),"")) | D49: =IF($B49="","",IFERROR(INDEX(Task_Tracker!$B$5:$B$1004,MATCH($B49,Task_Tracker!$A$5:$A$1004,0)),"")) | E49: Run readiness review | F49: Conduct final go-live checkpoint meeting. | G49: Pammi Gaur | H49: Not Started | I49: =IF($H49="","",IFERROR(INDEX(Action_Status_Map!$B$5:$B$11,MATCH($H49,Action_Status_Map!$A$5:$A$11,0)),"")) | J49: 46207 | K49: 46208 | M49: 2 | O49: =IF(OR($M49="",$N49=""),"",$N49-$M49) | P49: =IF($J49="","",IF($L49<>"",$L49-$J49,TODAY()-$J49)) | Q49: =IF(OR($K49="",$H49="Completed",$H49="Cancelled"),"",IF(AND($K49<TODAY(),$H49<>"Completed",$H49<>"Cancelled"),"Overdue","On Track")) | R49: Planned. | S49: =IF($B49="","",IFERROR(INDEX(Task_Tracker!$AA$5:$AA$1004,MATCH($B49,Task_Tracker!$A$5:$A$1004,0)),"")) | T49: =IF($B49="","",IFERROR(INDEX(Task_Tracker!$AB$5:$AB$1004,MATCH($B49,Task_Tracker!$A$5:$A$1004,0)),"")) | U49: =IF($B49="","",IFERROR(INDEX(Task_Tracker!$F$5:$F$1004,MATCH($B49,Task_Tracker!$A$5:$A$1004,0)),"")) | V49: =IF($B49="","",IFERROR(INDEX(Task_Tracker!$I$5:$I$1004,MATCH($B49,Task_Tracker!$A$5:$A$1004,0)),"")) | W49: =IF(OR($D49="",$B49=""),"",$D49&" | "&$B49) | X49: =IF($K49="","",TEXT($K49,"yyyy-mm")) | Y49: =IF(OR($A49="",$T49=""),"","Included in Manager_Report")
A50: =IF(COUNTA(B50:G50)=0,"","STP-"&TEXT(ROW()-4,"0000")) | B50: =Task_Tracker!$A$20 | C50: =IF($B50="","",IFERROR(INDEX(Task_Tracker!$D$5:$D$1004,MATCH($B50,Task_Tracker!$A$5:$A$1004,0)),"")) | D50: =IF($B50="","",IFERROR(INDEX(Task_Tracker!$B$5:$B$1004,MATCH($B50,Task_Tracker!$A$5:$A$1004,0)),"")) | E50: Map board data sources | F50: Finalize mapping to source systems. | G50: Pankaj Vairagade | H50: Completed | I50: =IF($H50="","",IFERROR(INDEX(Action_Status_Map!$B$5:$B$11,MATCH($H50,Action_Status_Map!$A$5:$A$11,0)),"")) | J50: 46209 | K50: 46211 | L50: 46211 | M50: 3 | N50: 3 | O50: =IF(OR($M50="",$N50=""),"",$N50-$M50) | P50: =IF($J50="","",IF($L50<>"",$L50-$J50,TODAY()-$J50)) | Q50: =IF(OR($K50="",$H50="Completed",$H50="Cancelled"),"",IF(AND($K50<TODAY(),$H50<>"Completed",$H50<>"Cancelled"),"Overdue","On Track")) | R50: Initial mapping done. | S50: =IF($B50="","",IFERROR(INDEX(Task_Tracker!$AA$5:$AA$1004,MATCH($B50,Task_Tracker!$A$5:$A$1004,0)),"")) | T50: =IF($B50="","",IFERROR(INDEX(Task_Tracker!$AB$5:$AB$1004,MATCH($B50,Task_Tracker!$A$5:$A$1004,0)),"")) | U50: =IF($B50="","",IFERROR(INDEX(Task_Tracker!$F$5:$F$1004,MATCH($B50,Task_Tracker!$A$5:$A$1004,0)),"")) | V50: =IF($B50="","",IFERROR(INDEX(Task_Tracker!$I$5:$I$1004,MATCH($B50,Task_Tracker!$A$5:$A$1004,0)),"")) | W50: =IF(OR($D50="",$B50=""),"",$D50&" | "&$B50) | X50: =IF($K50="","",TEXT($K50,"yyyy-mm")) | Y50: =IF(OR($A50="",$T50=""),"","Included in Manager_Report")
A51: =IF(COUNTA(B51:G51)=0,"","STP-"&TEXT(ROW()-4,"0000")) | B51: =Task_Tracker!$A$20 | C51: =IF($B51="","",IFERROR(INDEX(Task_Tracker!$D$5:$D$1004,MATCH($B51,Task_Tracker!$A$5:$A$1004,0)),"")) | D51: =IF($B51="","",IFERROR(INDEX(Task_Tracker!$B$5:$B$1004,MATCH($B51,Task_Tracker!$A$5:$A$1004,0)),"")) | E51: Build QA rules | F51: Create automated validation checks. | G51: Pankaj Vairagade | H51: On Hold | I51: =IF($H51="","",IFERROR(INDEX(Action_Status_Map!$B$5:$B$11,MATCH($H51,Action_Status_Map!$A$5:$A$11,0)),"")) | J51: 46211 | K51: 46215 | M51: 6 | O51: =IF(OR($M51="",$N51=""),"",$N51-$M51) | P51: =IF($J51="","",IF($L51<>"",$L51-$J51,TODAY()-$J51)) | Q51: =IF(OR($K51="",$H51="Completed",$H51="Cancelled"),"",IF(AND($K51<TODAY(),$H51<>"Completed",$H51<>"Cancelled"),"Overdue","On Track")) | R51: Paused. | S51: =IF($B51="","",IFERROR(INDEX(Task_Tracker!$AA$5:$AA$1004,MATCH($B51,Task_Tracker!$A$5:$A$1004,0)),"")) | T51: =IF($B51="","",IFERROR(INDEX(Task_Tracker!$AB$5:$AB$1004,MATCH($B51,Task_Tracker!$A$5:$A$1004,0)),"")) | U51: =IF($B51="","",IFERROR(INDEX(Task_Tracker!$F$5:$F$1004,MATCH($B51,Task_Tracker!$A$5:$A$1004,0)),"")) | V51: =IF($B51="","",IFERROR(INDEX(Task_Tracker!$I$5:$I$1004,MATCH($B51,Task_Tracker!$A$5:$A$1004,0)),"")) | W51: =IF(OR($D51="",$B51=""),"",$D51&" | "&$B51) | X51: =IF($K51="","",TEXT($K51,"yyyy-mm")) | Y51: =IF(OR($A51="",$T51=""),"","Included in Manager_Report")
A52: =IF(COUNTA(B52:G52)=0,"","STP-"&TEXT(ROW()-4,"0000")) | B52: =Task_Tracker!$A$20 | C52: =IF($B52="","",IFERROR(INDEX(Task_Tracker!$D$5:$D$1004,MATCH($B52,Task_Tracker!$A$5:$A$1004,0)),"")) | D52: =IF($B52="","",IFERROR(INDEX(Task_Tracker!$B$5:$B$1004,MATCH($B52,Task_Tracker!$A$5:$A$1004,0)),"")) | E52: Pilot monthly run | F52: Test the automation with one board cycle. | G52: Pankaj Vairagade | H52: Not Started | I52: =IF($H52="","",IFERROR(INDEX(Action_Status_Map!$B$5:$B$11,MATCH($H52,Action_Status_Map!$A$5:$A$11,0)),"")) | J52: 46215 | K52: 46218 | M52: 6 | O52: =IF(OR($M52="",$N52=""),"",$N52-$M52) | P52: =IF($J52="","",IF($L52<>"",$L52-$J52,TODAY()-$J52)) | Q52: =IF(OR($K52="",$H52="Completed",$H52="Cancelled"),"",IF(AND($K52<TODAY(),$H52<>"Completed",$H52<>"Cancelled"),"Overdue","On Track")) | R52: Waiting for unblock. | S52: =IF($B52="","",IFERROR(INDEX(Task_Tracker!$AA$5:$AA$1004,MATCH($B52,Task_Tracker!$A$5:$A$1004,0)),"")) | T52: =IF($B52="","",IFERROR(INDEX(Task_Tracker!$AB$5:$AB$1004,MATCH($B52,Task_Tracker!$A$5:$A$1004,0)),"")) | U52: =IF($B52="","",IFERROR(INDEX(Task_Tracker!$F$5:$F$1004,MATCH($B52,Task_Tracker!$A$5:$A$1004,0)),"")) | V52: =IF($B52="","",IFERROR(INDEX(Task_Tracker!$I$5:$I$1004,MATCH($B52,Task_Tracker!$A$5:$A$1004,0)),"")) | W52: =IF(OR($D52="",$B52=""),"",$D52&" | "&$B52) | X52: =IF($K52="","",TEXT($K52,"yyyy-mm")) | Y52: =IF(OR($A52="",$T52=""),"","Included in Manager_Report")
A53: =IF(COUNTA(B53:G53)=0,"","STP-"&TEXT(ROW()-4,"0000")) | C53: =IF($B53="","",IFERROR(INDEX(Task_Tracker!$D$5:$D$1004,MATCH($B53,Task_Tracker!$A$5:$A$1004,0)),"")) | D53: =IF($B53="","",IFERROR(INDEX(Task_Tracker!$B$5:$B$1004,MATCH($B53,Task_Tracker!$A$5:$A$1004,0)),"")) | I53: =IF($H53="","",IFERROR(INDEX(Action_Status_Map!$B$5:$B$11,MATCH($H53,Action_Status_Map!$A$5:$A$11,0)),"")) | O53: =IF(OR($M53="",$N53=""),"",$N53-$M53) | P53: =IF($J53="","",IF($L53<>"",$L53-$J53,TODAY()-$J53)) | Q53: =IF(OR($K53="",$H53="Completed",$H53="Cancelled"),"",IF(AND($K53<TODAY(),$H53<>"Completed",$H53<>"Cancelled"),"Overdue","On Track")) | S53: =IF($B53="","",IFERROR(INDEX(Task_Tracker!$AA$5:$AA$1004,MATCH($B53,Task_Tracker!$A$5:$A$1004,0)),"")) | T53: =IF($B53="","",IFERROR(INDEX(Task_Tracker!$AB$5:$AB$1004,MATCH($B53,Task_Tracker!$A$5:$A$1004,0)),"")) | U53: =IF($B53="","",IFERROR(INDEX(Task_Tracker!$F$5:$F$1004,MATCH($B53,Task_Tracker!$A$5:$A$1004,0)),"")) | V53: =IF($B53="","",IFERROR(INDEX(Task_Tracker!$I$5:$I$1004,MATCH($B53,Task_Tracker!$A$5:$A$1004,0)),"")) | W53: =IF(OR($D53="",$B53=""),"",$D53&" | "&$B53) | X53: =IF($K53="","",TEXT($K53,"yyyy-mm")) | Y53: =IF(OR($A53="",$T53=""),"","Included in Manager_Report")
A54: =IF(COUNTA(B54:G54)=0,"","STP-"&TEXT(ROW()-4,"0000")) | C54: =IF($B54="","",IFERROR(INDEX(Task_Tracker!$D$5:$D$1004,MATCH($B54,Task_Tracker!$A$5:$A$1004,0)),"")) | D54: =IF($B54="","",IFERROR(INDEX(Task_Tracker!$B$5:$B$1004,MATCH($B54,Task_Tracker!$A$5:$A$1004,0)),"")) | I54: =IF($H54="","",IFERROR(INDEX(Action_Status_Map!$B$5:$B$11,MATCH($H54,Action_Status_Map!$A$5:$A$11,0)),"")) | O54: =IF(OR($M54="",$N54=""),"",$N54-$M54) | P54: =IF($J54="","",IF($L54<>"",$L54-$J54,TODAY()-$J54)) | Q54: =IF(OR($K54="",$H54="Completed",$H54="Cancelled"),"",IF(AND($K54<TODAY(),$H54<>"Completed",$H54<>"Cancelled"),"Overdue","On Track")) | S54: =IF($B54="","",IFERROR(INDEX(Task_Tracker!$AA$5:$AA$1004,MATCH($B54,Task_Tracker!$A$5:$A$1004,0)),"")) | T54: =IF($B54="","",IFERROR(INDEX(Task_Tracker!$AB$5:$AB$1004,MATCH($B54,Task_Tracker!$A$5:$A$1004,0)),"")) | U54: =IF($B54="","",IFERROR(INDEX(Task_Tracker!$F$5:$F$1004,MATCH($B54,Task_Tracker!$A$5:$A$1004,0)),"")) | V54: =IF($B54="","",IFERROR(INDEX(Task_Tracker!$I$5:$I$1004,MATCH($B54,Task_Tracker!$A$5:$A$1004,0)),"")) | W54: =IF(OR($D54="",$B54=""),"",$D54&" | "&$B54) | X54: =IF($K54="","",TEXT($K54,"yyyy-mm")) | Y54: =IF(OR($A54="",$T54=""),"","Included in Manager_Report")
A55: =IF(COUNTA(B55:G55)=0,"","STP-"&TEXT(ROW()-4,"0000")) | C55: =IF($B55="","",IFERROR(INDEX(Task_Tracker!$D$5:$D$1004,MATCH($B55,Task_Tracker!$A$5:$A$1004,0)),"")) | D55: =IF($B55="","",IFERROR(INDEX(Task_Tracker!$B$5:$B$1004,MATCH($B55,Task_Tracker!$A$5:$A$1004,0)),"")) | I55: =IF($H55="","",IFERROR(INDEX(Action_Status_Map!$B$5:$B$11,MATCH($H55,Action_Status_Map!$A$5:$A$11,0)),"")) | O55: =IF(OR($M55="",$N55=""),"",$N55-$M55) | P55: =IF($J55="","",IF($L55<>"",$L55-$J55,TODAY()-$J55)) | Q55: =IF(OR($K55="",$H55="Completed",$H55="Cancelled"),"",IF(AND($K55<TODAY(),$H55<>"Completed",$H55<>"Cancelled"),"Overdue","On Track")) | S55: =IF($B55="","",IFERROR(INDEX(Task_Tracker!$AA$5:$AA$1004,MATCH($B55,Task_Tracker!$A$5:$A$1004,0)),"")) | T55: =IF($B55="","",IFERROR(INDEX(Task_Tracker!$AB$5:$AB$1004,MATCH($B55,Task_Tracker!$A$5:$A$1004,0)),"")) | U55: =IF($B55="","",IFERROR(INDEX(Task_Tracker!$F$5:$F$1004,MATCH($B55,Task_Tracker!$A$5:$A$1004,0)),"")) | V55: =IF($B55="","",IFERROR(INDEX(Task_Tracker!$I$5:$I$1004,MATCH($B55,Task_Tracker!$A$5:$A$1004,0)),"")) | W55: =IF(OR($D55="",$B55=""),"",$D55&" | "&$B55) | X55: =IF($K55="","",TEXT($K55,"yyyy-mm")) | Y55: =IF(OR($A55="",$T55=""),"","Included in Manager_Report")
A56: =IF(COUNTA(B56:G56)=0,"","STP-"&TEXT(ROW()-4,"0000")) | C56: =IF($B56="","",IFERROR(INDEX(Task_Tracker!$D$5:$D$1004,MATCH($B56,Task_Tracker!$A$5:$A$1004,0)),"")) | D56: =IF($B56="","",IFERROR(INDEX(Task_Tracker!$B$5:$B$1004,MATCH($B56,Task_Tracker!$A$5:$A$1004,0)),"")) | I56: =IF($H56="","",IFERROR(INDEX(Action_Status_Map!$B$5:$B$11,MATCH($H56,Action_Status_Map!$A$5:$A$11,0)),"")) | O56: =IF(OR($M56="",$N56=""),"",$N56-$M56) | P56: =IF($J56="","",IF($L56<>"",$L56-$J56,TODAY()-$J56)) | Q56: =IF(OR($K56="",$H56="Completed",$H56="Cancelled"),"",IF(AND($K56<TODAY(),$H56<>"Completed",$H56<>"Cancelled"),"Overdue","On Track")) | S56: =IF($B56="","",IFERROR(INDEX(Task_Tracker!$AA$5:$AA$1004,MATCH($B56,Task_Tracker!$A$5:$A$1004,0)),"")) | T56: =IF($B56="","",IFERROR(INDEX(Task_Tracker!$AB$5:$AB$1004,MATCH($B56,Task_Tracker!$A$5:$A$1004,0)),"")) | U56: =IF($B56="","",IFERROR(INDEX(Task_Tracker!$F$5:$F$1004,MATCH($B56,Task_Tracker!$A$5:$A$1004,0)),"")) | V56: =IF($B56="","",IFERROR(INDEX(Task_Tracker!$I$5:$I$1004,MATCH($B56,Task_Tracker!$A$5:$A$1004,0)),"")) | W56: =IF(OR($D56="",$B56=""),"",$D56&" | "&$B56) | X56: =IF($K56="","",TEXT($K56,"yyyy-mm")) | Y56: =IF(OR($A56="",$T56=""),"","Included in Manager_Report")
A57: =IF(COUNTA(B57:G57)=0,"","STP-"&TEXT(ROW()-4,"0000")) | C57: =IF($B57="","",IFERROR(INDEX(Task_Tracker!$D$5:$D$1004,MATCH($B57,Task_Tracker!$A$5:$A$1004,0)),"")) | D57: =IF($B57="","",IFERROR(INDEX(Task_Tracker!$B$5:$B$1004,MATCH($B57,Task_Tracker!$A$5:$A$1004,0)),"")) | I57: =IF($H57="","",IFERROR(INDEX(Action_Status_Map!$B$5:$B$11,MATCH($H57,Action_Status_Map!$A$5:$A$11,0)),"")) | O57: =IF(OR($M57="",$N57=""),"",$N57-$M57) | P57: =IF($J57="","",IF($L57<>"",$L57-$J57,TODAY()-$J57)) | Q57: =IF(OR($K57="",$H57="Completed",$H57="Cancelled"),"",IF(AND($K57<TODAY(),$H57<>"Completed",$H57<>"Cancelled"),"Overdue","On Track")) | S57: =IF($B57="","",IFERROR(INDEX(Task_Tracker!$AA$5:$AA$1004,MATCH($B57,Task_Tracker!$A$5:$A$1004,0)),"")) | T57: =IF($B57="","",IFERROR(INDEX(Task_Tracker!$AB$5:$AB$1004,MATCH($B57,Task_Tracker!$A$5:$A$1004,0)),"")) | U57: =IF($B57="","",IFERROR(INDEX(Task_Tracker!$F$5:$F$1004,MATCH($B57,Task_Tracker!$A$5:$A$1004,0)),"")) | V57: =IF($B57="","",IFERROR(INDEX(Task_Tracker!$I$5:$I$1004,MATCH($B57,Task_Tracker!$A$5:$A$1004,0)),"")) | W57: =IF(OR($D57="",$B57=""),"",$D57&" | "&$B57) | X57: =IF($K57="","",TEXT($K57,"yyyy-mm")) | Y57: =IF(OR($A57="",$T57=""),"","Included in Manager_Report")
A58: =IF(COUNTA(B58:G58)=0,"","STP-"&TEXT(ROW()-4,"0000")) | C58: =IF($B58="","",IFERROR(INDEX(Task_Tracker!$D$5:$D$1004,MATCH($B58,Task_Tracker!$A$5:$A$1004,0)),"")) | D58: =IF($B58="","",IFERROR(INDEX(Task_Tracker!$B$5:$B$1004,MATCH($B58,Task_Tracker!$A$5:$A$1004,0)),"")) | I58: =IF($H58="","",IFERROR(INDEX(Action_Status_Map!$B$5:$B$11,MATCH($H58,Action_Status_Map!$A$5:$A$11,0)),"")) | O58: =IF(OR($M58="",$N58=""),"",$N58-$M58) | P58: =IF($J58="","",IF($L58<>"",$L58-$J58,TODAY()-$J58)) | Q58: =IF(OR($K58="",$H58="Completed",$H58="Cancelled"),"",IF(AND($K58<TODAY(),$H58<>"Completed",$H58<>"Cancelled"),"Overdue","On Track")) | S58: =IF($B58="","",IFERROR(INDEX(Task_Tracker!$AA$5:$AA$1004,MATCH($B58,Task_Tracker!$A$5:$A$1004,0)),"")) | T58: =IF($B58="","",IFERROR(INDEX(Task_Tracker!$AB$5:$AB$1004,MATCH($B58,Task_Tracker!$A$5:$A$1004,0)),"")) | U58: =IF($B58="","",IFERROR(INDEX(Task_Tracker!$F$5:$F$1004,MATCH($B58,Task_Tracker!$A$5:$A$1004,0)),"")) | V58: =IF($B58="","",IFERROR(INDEX(Task_Tracker!$I$5:$I$1004,MATCH($B58,Task_Tracker!$A$5:$A$1004,0)),"")) | W58: =IF(OR($D58="",$B58=""),"",$D58&" | "&$B58) | X58: =IF($K58="","",TEXT($K58,"yyyy-mm")) | Y58: =IF(OR($A58="",$T58=""),"","Included in Manager_Report")
A59: =IF(COUNTA(B59:G59)=0,"","STP-"&TEXT(ROW()-4,"0000")) | C59: =IF($B59="","",IFERROR(INDEX(Task_Tracker!$D$5:$D$1004,MATCH($B59,Task_Tracker!$A$5:$A$1004,0)),"")) | D59: =IF($B59="","",IFERROR(INDEX(Task_Tracker!$B$5:$B$1004,MATCH($B59,Task_Tracker!$A$5:$A$1004,0)),"")) | I59: =IF($H59="","",IFERROR(INDEX(Action_Status_Map!$B$5:$B$11,MATCH($H59,Action_Status_Map!$A$5:$A$11,0)),"")) | O59: =IF(OR($M59="",$N59=""),"",$N59-$M59) | P59: =IF($J59="","",IF($L59<>"",$L59-$J59,TODAY()-$J59)) | Q59: =IF(OR($K59="",$H59="Completed",$H59="Cancelled"),"",IF(AND($K59<TODAY(),$H59<>"Completed",$H59<>"Cancelled"),"Overdue","On Track")) | S59: =IF($B59="","",IFERROR(INDEX(Task_Tracker!$AA$5:$AA$1004,MATCH($B59,Task_Tracker!$A$5:$A$1004,0)),"")) | T59: =IF($B59="","",IFERROR(INDEX(Task_Tracker!$AB$5:$AB$1004,MATCH($B59,Task_Tracker!$A$5:$A$1004,0)),"")) | U59: =IF($B59="","",IFERROR(INDEX(Task_Tracker!$F$5:$F$1004,MATCH($B59,Task_Tracker!$A$5:$A$1004,0)),"")) | V59: =IF($B59="","",IFERROR(INDEX(Task_Tracker!$I$5:$I$1004,MATCH($B59,Task_Tracker!$A$5:$A$1004,0)),"")) | W59: =IF(OR($D59="",$B59=""),"",$D59&" | "&$B59) | X59: =IF($K59="","",TEXT($K59,"yyyy-mm")) | Y59: =IF(OR($A59="",$T59=""),"","Included in Manager_Report")
A60: =IF(COUNTA(B60:G60)=0,"","STP-"&TEXT(ROW()-4,"0000")) | C60: =IF($B60="","",IFERROR(INDEX(Task_Tracker!$D$5:$D$1004,MATCH($B60,Task_Tracker!$A$5:$A$1004,0)),"")) | D60: =IF($B60="","",IFERROR(INDEX(Task_Tracker!$B$5:$B$1004,MATCH($B60,Task_Tracker!$A$5:$A$1004,0)),"")) | I60: =IF($H60="","",IFERROR(INDEX(Action_Status_Map!$B$5:$B$11,MATCH($H60,Action_Status_Map!$A$5:$A$11,0)),"")) | O60: =IF(OR($M60="",$N60=""),"",$N60-$M60) | P60: =IF($J60="","",IF($L60<>"",$L60-$J60,TODAY()-$J60)) | Q60: =IF(OR($K60="",$H60="Completed",$H60="Cancelled"),"",IF(AND($K60<TODAY(),$H60<>"Completed",$H60<>"Cancelled"),"Overdue","On Track")) | S60: =IF($B60="","",IFERROR(INDEX(Task_Tracker!$AA$5:$AA$1004,MATCH($B60,Task_Tracker!$A$5:$A$1004,0)),"")) | T60: =IF($B60="","",IFERROR(INDEX(Task_Tracker!$AB$5:$AB$1004,MATCH($B60,Task_Tracker!$A$5:$A$1004,0)),"")) | U60: =IF($B60="","",IFERROR(INDEX(Task_Tracker!$F$5:$F$1004,MATCH($B60,Task_Tracker!$A$5:$A$1004,0)),"")) | V60: =IF($B60="","",IFERROR(INDEX(Task_Tracker!$I$5:$I$1004,MATCH($B60,Task_Tracker!$A$5:$A$1004,0)),"")) | W60: =IF(OR($D60="",$B60=""),"",$D60&" | "&$B60) | X60: =IF($K60="","",TEXT($K60,"yyyy-mm")) | Y60: =IF(OR($A60="",$T60=""),"","Included in Manager_Report")
A61: =IF(COUNTA(B61:G61)=0,"","STP-"&TEXT(ROW()-4,"0000")) | C61: =IF($B61="","",IFERROR(INDEX(Task_Tracker!$D$5:$D$1004,MATCH($B61,Task_Tracker!$A$5:$A$1004,0)),"")) | D61: =IF($B61="","",IFERROR(INDEX(Task_Tracker!$B$5:$B$1004,MATCH($B61,Task_Tracker!$A$5:$A$1004,0)),"")) | I61: =IF($H61="","",IFERROR(INDEX(Action_Status_Map!$B$5:$B$11,MATCH($H61,Action_Status_Map!$A$5:$A$11,0)),"")) | O61: =IF(OR($M61="",$N61=""),"",$N61-$M61) | P61: =IF($J61="","",IF($L61<>"",$L61-$J61,TODAY()-$J61)) | Q61: =IF(OR($K61="",$H61="Completed",$H61="Cancelled"),"",IF(AND($K61<TODAY(),$H61<>"Completed",$H61<>"Cancelled"),"Overdue","On Track")) | S61: =IF($B61="","",IFERROR(INDEX(Task_Tracker!$AA$5:$AA$1004,MATCH($B61,Task_Tracker!$A$5:$A$1004,0)),"")) | T61: =IF($B61="","",IFERROR(INDEX(Task_Tracker!$AB$5:$AB$1004,MATCH($B61,Task_Tracker!$A$5:$A$1004,0)),"")) | U61: =IF($B61="","",IFERROR(INDEX(Task_Tracker!$F$5:$F$1004,MATCH($B61,Task_Tracker!$A$5:$A$1004,0)),"")) | V61: =IF($B61="","",IFERROR(INDEX(Task_Tracker!$I$5:$I$1004,MATCH($B61,Task_Tracker!$A$5:$A$1004,0)),"")) | W61: =IF(OR($D61="",$B61=""),"",$D61&" | "&$B61) | X61: =IF($K61="","",TEXT($K61,"yyyy-mm")) | Y61: =IF(OR($A61="",$T61=""),"","Included in Manager_Report")
A62: =IF(COUNTA(B62:G62)=0,"","STP-"&TEXT(ROW()-4,"0000")) | C62: =IF($B62="","",IFERROR(INDEX(Task_Tracker!$D$5:$D$1004,MATCH($B62,Task_Tracker!$A$5:$A$1004,0)),"")) | D62: =IF($B62="","",IFERROR(INDEX(Task_Tracker!$B$5:$B$1004,MATCH($B62,Task_Tracker!$A$5:$A$1004,0)),"")) | I62: =IF($H62="","",IFERROR(INDEX(Action_Status_Map!$B$5:$B$11,MATCH($H62,Action_Status_Map!$A$5:$A$11,0)),"")) | O62: =IF(OR($M62="",$N62=""),"",$N62-$M62) | P62: =IF($J62="","",IF($L62<>"",$L62-$J62,TODAY()-$J62)) | Q62: =IF(OR($K62="",$H62="Completed",$H62="Cancelled"),"",IF(AND($K62<TODAY(),$H62<>"Completed",$H62<>"Cancelled"),"Overdue","On Track")) | S62: =IF($B62="","",IFERROR(INDEX(Task_Tracker!$AA$5:$AA$1004,MATCH($B62,Task_Tracker!$A$5:$A$1004,0)),"")) | T62: =IF($B62="","",IFERROR(INDEX(Task_Tracker!$AB$5:$AB$1004,MATCH($B62,Task_Tracker!$A$5:$A$1004,0)),"")) | U62: =IF($B62="","",IFERROR(INDEX(Task_Tracker!$F$5:$F$1004,MATCH($B62,Task_Tracker!$A$5:$A$1004,0)),"")) | V62: =IF($B62="","",IFERROR(INDEX(Task_Tracker!$I$5:$I$1004,MATCH($B62,Task_Tracker!$A$5:$A$1004,0)),"")) | W62: =IF(OR($D62="",$B62=""),"",$D62&" | "&$B62) | X62: =IF($K62="","",TEXT($K62,"yyyy-mm")) | Y62: =IF(OR($A62="",$T62=""),"","Included in Manager_Report")
A63: =IF(COUNTA(B63:G63)=0,"","STP-"&TEXT(ROW()-4,"0000")) | C63: =IF($B63="","",IFERROR(INDEX(Task_Tracker!$D$5:$D$1004,MATCH($B63,Task_Tracker!$A$5:$A$1004,0)),"")) | D63: =IF($B63="","",IFERROR(INDEX(Task_Tracker!$B$5:$B$1004,MATCH($B63,Task_Tracker!$A$5:$A$1004,0)),"")) | I63: =IF($H63="","",IFERROR(INDEX(Action_Status_Map!$B$5:$B$11,MATCH($H63,Action_Status_Map!$A$5:$A$11,0)),"")) | O63: =IF(OR($M63="",$N63=""),"",$N63-$M63) | P63: =IF($J63="","",IF($L63<>"",$L63-$J63,TODAY()-$J63)) | Q63: =IF(OR($K63="",$H63="Completed",$H63="Cancelled"),"",IF(AND($K63<TODAY(),$H63<>"Completed",$H63<>"Cancelled"),"Overdue","On Track")) | S63: =IF($B63="","",IFERROR(INDEX(Task_Tracker!$AA$5:$AA$1004,MATCH($B63,Task_Tracker!$A$5:$A$1004,0)),"")) | T63: =IF($B63="","",IFERROR(INDEX(Task_Tracker!$AB$5:$AB$1004,MATCH($B63,Task_Tracker!$A$5:$A$1004,0)),"")) | U63: =IF($B63="","",IFERROR(INDEX(Task_Tracker!$F$5:$F$1004,MATCH($B63,Task_Tracker!$A$5:$A$1004,0)),"")) | V63: =IF($B63="","",IFERROR(INDEX(Task_Tracker!$I$5:$I$1004,MATCH($B63,Task_Tracker!$A$5:$A$1004,0)),"")) | W63: =IF(OR($D63="",$B63=""),"",$D63&" | "&$B63) | X63: =IF($K63="","",TEXT($K63,"yyyy-mm")) | Y63: =IF(OR($A63="",$T63=""),"","Included in Manager_Report")
A64: =IF(COUNTA(B64:G64)=0,"","STP-"&TEXT(ROW()-4,"0000")) | C64: =IF($B64="","",IFERROR(INDEX(Task_Tracker!$D$5:$D$1004,MATCH($B64,Task_Tracker!$A$5:$A$1004,0)),"")) | D64: =IF($B64="","",IFERROR(INDEX(Task_Tracker!$B$5:$B$1004,MATCH($B64,Task_Tracker!$A$5:$A$1004,0)),"")) | I64: =IF($H64="","",IFERROR(INDEX(Action_Status_Map!$B$5:$B$11,MATCH($H64,Action_Status_Map!$A$5:$A$11,0)),"")) | O64: =IF(OR($M64="",$N64=""),"",$N64-$M64) | P64: =IF($J64="","",IF($L64<>"",$L64-$J64,TODAY()-$J64)) | Q64: =IF(OR($K64="",$H64="Completed",$H64="Cancelled"),"",IF(AND($K64<TODAY(),$H64<>"Completed",$H64<>"Cancelled"),"Overdue","On Track")) | S64: =IF($B64="","",IFERROR(INDEX(Task_Tracker!$AA$5:$AA$1004,MATCH($B64,Task_Tracker!$A$5:$A$1004,0)),"")) | T64: =IF($B64="","",IFERROR(INDEX(Task_Tracker!$AB$5:$AB$1004,MATCH($B64,Task_Tracker!$A$5:$A$1004,0)),"")) | U64: =IF($B64="","",IFERROR(INDEX(Task_Tracker!$F$5:$F$1004,MATCH($B64,Task_Tracker!$A$5:$A$1004,0)),"")) | V64: =IF($B64="","",IFERROR(INDEX(Task_Tracker!$I$5:$I$1004,MATCH($B64,Task_Tracker!$A$5:$A$1004,0)),"")) | W64: =IF(OR($D64="",$B64=""),"",$D64&" | "&$B64) | X64: =IF($K64="","",TEXT($K64,"yyyy-mm")) | Y64: =IF(OR($A64="",$T64=""),"","Included in Manager_Report")
... A2004: =IF(COUNTA(B2004:G2004)=0,"","STP-"&TEXT(ROW()-4,"0000")) | C2004: =IF($B2004="","",IFERROR(INDEX(Task_Tracker!$D$5:$D$1004,MATCH($B2004,Task_Tracker!$A$5:$A$1004,0)),"")) | D2004: =IF($B2004="","",IFERROR(INDEX(Task_Tracker!$B$5:$B$1004,MATCH($B2004,Task_Tracker!$A$5:$A$1004,0)),"")) | I2004: =IF($H2004="","",IFERROR(INDEX(Action_Status_Map!$B$5:$B$11,MATCH($H2004,Action_Status_Map!$A$5:$A$11,0)),"")) | O2004: =IF(OR($M2004="",$N2004=""),"",$N2004-$M2004) | P2004: =IF($J2004="","",IF($L2004<>"",$L2004-$J2004,TODAY()-$J2004)) | Q2004: =IF(OR($K2004="",$H2004="Completed",$H2004="Cancelled"),"",IF(AND($K2004<TODAY(),$H2004<>"Completed",$H2004<>"Cancelled"),"Overdue","On Track")) | S2004: =IF($B2004="","",IFERROR(INDEX(Task_Tracker!$AA$5:$AA$1004,MATCH($B2004,Task_Tracker!$A$5:$A$1004,0)),"")) | T2004: =IF($B2004="","",IFERROR(INDEX(Task_Tracker!$AB$5:$AB$1004,MATCH($B2004,Task_Tracker!$A$5:$A$1004,0)),"")) | U2004: =IF($B2004="","",IFERROR(INDEX(Task_Tracker!$F$5:$F$1004,MATCH($B2004,Task_Tracker!$A$5:$A$1004,0)),"")) | V2004: =IF($B2004="","",IFERROR(INDEX(Task_Tracker!$I$5:$I$1004,MATCH($B2004,Task_Tracker!$A$5:$A$1004,0)),"")) | W2004: =IF(OR($D2004="",$B2004=""),"",$D2004&" | "&$B2004) | X2004: =IF($K2004="","",TEXT($K2004,"yyyy-mm")) | Y2004: =IF(OR($A2004="",$T2004=""),"","Included in Manager_Report")

Sheet Employee_Summary
A1: Employee Summary
A2: Automatic employee performance view based on Task_Tracker data.
A4: Emp ID | B4: Employee Name | C4: Department | D4: Role | E4: Manager | F4: Weekly Capacity | G4: Status | H4: Total Tasks | I4: Open Tasks | J4: Completed Tasks | K4: Completion % | L4: Est. Hrs | M4: Actual Hrs | N4: Variance | O4: Overdue Tasks | P4: This Month Tasks | Q4: This Month Hrs | R4: This Month Utilization %
A5: =Employee_Master!A5 | B5: =Employee_Master!B5 | C5: =Employee_Master!C5 | D5: =Employee_Master!D5 | E5: =Employee_Master!E5 | F5: =Employee_Master!H5 | G5: =Employee_Master!I5 | H5: =IF($B5="","",COUNTIF(Task_Tracker!$F$5:$F$1004,$B5)) | I5: =IF($B5="","",COUNTIFS(Task_Tracker!$F$5:$F$1004,$B5,Task_Tracker!$A$5:$A$1004,"<>",Task_Tracker!$I$5:$I$1004,"<>Completed",Task_Tracker!$I$5:$I$1004,"<>Cancelled")) | J5: =IF($B5="","",COUNTIFS(Task_Tracker!$F$5:$F$1004,$B5,Task_Tracker!$I$5:$I$1004,"Completed")) | K5: =IFERROR($J5/$H5,"") | L5: =IF($B5="","",SUMIF(Task_Tracker!$F$5:$F$1004,$B5,Task_Tracker!$N$5:$N$1004)) | M5: =IF($B5="","",SUMIF(Task_Tracker!$F$5:$F$1004,$B5,Task_Tracker!$O$5:$O$1004)) | N5: =IF(OR($L5="",$M5=""),"",$M5-$L5) | O5: =IF($B5="","",COUNTIFS(Task_Tracker!$F$5:$F$1004,$B5,Task_Tracker!$R$5:$R$1004,"Overdue")) | P5: =IF($B5="","",COUNTIFS(Task_Tracker!$F$5:$F$1004,$B5,Task_Tracker!$S$5:$S$1004,TEXT(TODAY(),"yyyy-mm"))) | Q5: =IF($B5="","",SUMIFS(Task_Tracker!$O$5:$O$1004,Task_Tracker!$F$5:$F$1004,$B5,Task_Tracker!$S$5:$S$1004,TEXT(TODAY(),"yyyy-mm"))) | R5: =IFERROR($Q5/($F5*4),"")
A6: =Employee_Master!A6 | B6: =Employee_Master!B6 | C6: =Employee_Master!C6 | D6: =Employee_Master!D6 | E6: =Employee_Master!E6 | F6: =Employee_Master!H6 | G6: =Employee_Master!I6 | H6: =IF($B6="","",COUNTIF(Task_Tracker!$F$5:$F$1004,$B6)) | I6: =IF($B6="","",COUNTIFS(Task_Tracker!$F$5:$F$1004,$B6,Task_Tracker!$A$5:$A$1004,"<>",Task_Tracker!$I$5:$I$1004,"<>Completed",Task_Tracker!$I$5:$I$1004,"<>Cancelled")) | J6: =IF($B6="","",COUNTIFS(Task_Tracker!$F$5:$F$1004,$B6,Task_Tracker!$I$5:$I$1004,"Completed")) | K6: =IFERROR($J6/$H6,"") | L6: =IF($B6="","",SUMIF(Task_Tracker!$F$5:$F$1004,$B6,Task_Tracker!$N$5:$N$1004)) | M6: =IF($B6="","",SUMIF(Task_Tracker!$F$5:$F$1004,$B6,Task_Tracker!$O$5:$O$1004)) | N6: =IF(OR($L6="",$M6=""),"",$M6-$L6) | O6: =IF($B6="","",COUNTIFS(Task_Tracker!$F$5:$F$1004,$B6,Task_Tracker!$R$5:$R$1004,"Overdue")) | P6: =IF($B6="","",COUNTIFS(Task_Tracker!$F$5:$F$1004,$B6,Task_Tracker!$S$5:$S$1004,TEXT(TODAY(),"yyyy-mm"))) | Q6: =IF($B6="","",SUMIFS(Task_Tracker!$O$5:$O$1004,Task_Tracker!$F$5:$F$1004,$B6,Task_Tracker!$S$5:$S$1004,TEXT(TODAY(),"yyyy-mm"))) | R6: =IFERROR($Q6/($F6*4),"")
A7: =Employee_Master!A7 | B7: =Employee_Master!B7 | C7: =Employee_Master!C7 | D7: =Employee_Master!D7 | E7: =Employee_Master!E7 | F7: =Employee_Master!H7 | G7: =Employee_Master!I7 | H7: =IF($B7="","",COUNTIF(Task_Tracker!$F$5:$F$1004,$B7)) | I7: =IF($B7="","",COUNTIFS(Task_Tracker!$F$5:$F$1004,$B7,Task_Tracker!$A$5:$A$1004,"<>",Task_Tracker!$I$5:$I$1004,"<>Completed",Task_Tracker!$I$5:$I$1004,"<>Cancelled")) | J7: =IF($B7="","",COUNTIFS(Task_Tracker!$F$5:$F$1004,$B7,Task_Tracker!$I$5:$I$1004,"Completed")) | K7: =IFERROR($J7/$H7,"") | L7: =IF($B7="","",SUMIF(Task_Tracker!$F$5:$F$1004,$B7,Task_Tracker!$N$5:$N$1004)) | M7: =IF($B7="","",SUMIF(Task_Tracker!$F$5:$F$1004,$B7,Task_Tracker!$O$5:$O$1004)) | N7: =IF(OR($L7="",$M7=""),"",$M7-$L7) | O7: =IF($B7="","",COUNTIFS(Task_Tracker!$F$5:$F$1004,$B7,Task_Tracker!$R$5:$R$1004,"Overdue")) | P7: =IF($B7="","",COUNTIFS(Task_Tracker!$F$5:$F$1004,$B7,Task_Tracker!$S$5:$S$1004,TEXT(TODAY(),"yyyy-mm"))) | Q7: =IF($B7="","",SUMIFS(Task_Tracker!$O$5:$O$1004,Task_Tracker!$F$5:$F$1004,$B7,Task_Tracker!$S$5:$S$1004,TEXT(TODAY(),"yyyy-mm"))) | R7: =IFERROR($Q7/($F7*4),"")
A8: =Employee_Master!A8 | B8: =Employee_Master!B8 | C8: =Employee_Master!C8 | D8: =Employee_Master!D8 | E8: =Employee_Master!E8 | F8: =Employee_Master!H8 | G8: =Employee_Master!I8 | H8: =IF($B8="","",COUNTIF(Task_Tracker!$F$5:$F$1004,$B8)) | I8: =IF($B8="","",COUNTIFS(Task_Tracker!$F$5:$F$1004,$B8,Task_Tracker!$A$5:$A$1004,"<>",Task_Tracker!$I$5:$I$1004,"<>Completed",Task_Tracker!$I$5:$I$1004,"<>Cancelled")) | J8: =IF($B8="","",COUNTIFS(Task_Tracker!$F$5:$F$1004,$B8,Task_Tracker!$I$5:$I$1004,"Completed")) | K8: =IFERROR($J8/$H8,"") | L8: =IF($B8="","",SUMIF(Task_Tracker!$F$5:$F$1004,$B8,Task_Tracker!$N$5:$N$1004)) | M8: =IF($B8="","",SUMIF(Task_Tracker!$F$5:$F$1004,$B8,Task_Tracker!$O$5:$O$1004)) | N8: =IF(OR($L8="",$M8=""),"",$M8-$L8) | O8: =IF($B8="","",COUNTIFS(Task_Tracker!$F$5:$F$1004,$B8,Task_Tracker!$R$5:$R$1004,"Overdue")) | P8: =IF($B8="","",COUNTIFS(Task_Tracker!$F$5:$F$1004,$B8,Task_Tracker!$S$5:$S$1004,TEXT(TODAY(),"yyyy-mm"))) | Q8: =IF($B8="","",SUMIFS(Task_Tracker!$O$5:$O$1004,Task_Tracker!$F$5:$F$1004,$B8,Task_Tracker!$S$5:$S$1004,TEXT(TODAY(),"yyyy-mm"))) | R8: =IFERROR($Q8/($F8*4),"")
A9: =Employee_Master!A9 | B9: =Employee_Master!B9 | C9: =Employee_Master!C9 | D9: =Employee_Master!D9 | E9: =Employee_Master!E9 | F9: =Employee_Master!H9 | G9: =Employee_Master!I9 | H9: =IF($B9="","",COUNTIF(Task_Tracker!$F$5:$F$1004,$B9)) | I9: =IF($B9="","",COUNTIFS(Task_Tracker!$F$5:$F$1004,$B9,Task_Tracker!$A$5:$A$1004,"<>",Task_Tracker!$I$5:$I$1004,"<>Completed",Task_Tracker!$I$5:$I$1004,"<>Cancelled")) | J9: =IF($B9="","",COUNTIFS(Task_Tracker!$F$5:$F$1004,$B9,Task_Tracker!$I$5:$I$1004,"Completed")) | K9: =IFERROR($J9/$H9,"") | L9: =IF($B9="","",SUMIF(Task_Tracker!$F$5:$F$1004,$B9,Task_Tracker!$N$5:$N$1004)) | M9: =IF($B9="","",SUMIF(Task_Tracker!$F$5:$F$1004,$B9,Task_Tracker!$O$5:$O$1004)) | N9: =IF(OR($L9="",$M9=""),"",$M9-$L9) | O9: =IF($B9="","",COUNTIFS(Task_Tracker!$F$5:$F$1004,$B9,Task_Tracker!$R$5:$R$1004,"Overdue")) | P9: =IF($B9="","",COUNTIFS(Task_Tracker!$F$5:$F$1004,$B9,Task_Tracker!$S$5:$S$1004,TEXT(TODAY(),"yyyy-mm"))) | Q9: =IF($B9="","",SUMIFS(Task_Tracker!$O$5:$O$1004,Task_Tracker!$F$5:$F$1004,$B9,Task_Tracker!$S$5:$S$1004,TEXT(TODAY(),"yyyy-mm"))) | R9: =IFERROR($Q9/($F9*4),"")
A10: =Employee_Master!A10 | B10: =Employee_Master!B10 | C10: =Employee_Master!C10 | D10: =Employee_Master!D10 | E10: =Employee_Master!E10 | F10: =Employee_Master!H10 | G10: =Employee_Master!I10 | H10: =IF($B10="","",COUNTIF(Task_Tracker!$F$5:$F$1004,$B10)) | I10: =IF($B10="","",COUNTIFS(Task_Tracker!$F$5:$F$1004,$B10,Task_Tracker!$A$5:$A$1004,"<>",Task_Tracker!$I$5:$I$1004,"<>Completed",Task_Tracker!$I$5:$I$1004,"<>Cancelled")) | J10: =IF($B10="","",COUNTIFS(Task_Tracker!$F$5:$F$1004,$B10,Task_Tracker!$I$5:$I$1004,"Completed")) | K10: =IFERROR($J10/$H10,"") | L10: =IF($B10="","",SUMIF(Task_Tracker!$F$5:$F$1004,$B10,Task_Tracker!$N$5:$N$1004)) | M10: =IF($B10="","",SUMIF(Task_Tracker!$F$5:$F$1004,$B10,Task_Tracker!$O$5:$O$1004)) | N10: =IF(OR($L10="",$M10=""),"",$M10-$L10) | O10: =IF($B10="","",COUNTIFS(Task_Tracker!$F$5:$F$1004,$B10,Task_Tracker!$R$5:$R$1004,"Overdue")) | P10: =IF($B10="","",COUNTIFS(Task_Tracker!$F$5:$F$1004,$B10,Task_Tracker!$S$5:$S$1004,TEXT(TODAY(),"yyyy-mm"))) | Q10: =IF($B10="","",SUMIFS(Task_Tracker!$O$5:$O$1004,Task_Tracker!$F$5:$F$1004,$B10,Task_Tracker!$S$5:$S$1004,TEXT(TODAY(),"yyyy-mm"))) | R10: =IFERROR($Q10/($F10*4),"")
A11: =Employee_Master!A11 | B11: =Employee_Master!B11 | C11: =Employee_Master!C11 | D11: =Employee_Master!D11 | E11: =Employee_Master!E11 | F11: =Employee_Master!H11 | G11: =Employee_Master!I11 | H11: =IF($B11="","",COUNTIF(Task_Tracker!$F$5:$F$1004,$B11)) | I11: =IF($B11="","",COUNTIFS(Task_Tracker!$F$5:$F$1004,$B11,Task_Tracker!$A$5:$A$1004,"<>",Task_Tracker!$I$5:$I$1004,"<>Completed",Task_Tracker!$I$5:$I$1004,"<>Cancelled")) | J11: =IF($B11="","",COUNTIFS(Task_Tracker!$F$5:$F$1004,$B11,Task_Tracker!$I$5:$I$1004,"Completed")) | K11: =IFERROR($J11/$H11,"") | L11: =IF($B11="","",SUMIF(Task_Tracker!$F$5:$F$1004,$B11,Task_Tracker!$N$5:$N$1004)) | M11: =IF($B11="","",SUMIF(Task_Tracker!$F$5:$F$1004,$B11,Task_Tracker!$O$5:$O$1004)) | N11: =IF(OR($L11="",$M11=""),"",$M11-$L11) | O11: =IF($B11="","",COUNTIFS(Task_Tracker!$F$5:$F$1004,$B11,Task_Tracker!$R$5:$R$1004,"Overdue")) | P11: =IF($B11="","",COUNTIFS(Task_Tracker!$F$5:$F$1004,$B11,Task_Tracker!$S$5:$S$1004,TEXT(TODAY(),"yyyy-mm"))) | Q11: =IF($B11="","",SUMIFS(Task_Tracker!$O$5:$O$1004,Task_Tracker!$F$5:$F$1004,$B11,Task_Tracker!$S$5:$S$1004,TEXT(TODAY(),"yyyy-mm"))) | R11: =IFERROR($Q11/($F11*4),"")
A12: =Employee_Master!A12 | B12: =Employee_Master!B12 | C12: =Employee_Master!C12 | D12: =Employee_Master!D12 | E12: =Employee_Master!E12 | F12: =Employee_Master!H12 | G12: =Employee_Master!I12 | H12: =IF($B12="","",COUNTIF(Task_Tracker!$F$5:$F$1004,$B12)) | I12: =IF($B12="","",COUNTIFS(Task_Tracker!$F$5:$F$1004,$B12,Task_Tracker!$A$5:$A$1004,"<>",Task_Tracker!$I$5:$I$1004,"<>Completed",Task_Tracker!$I$5:$I$1004,"<>Cancelled")) | J12: =IF($B12="","",COUNTIFS(Task_Tracker!$F$5:$F$1004,$B12,Task_Tracker!$I$5:$I$1004,"Completed")) | K12: =IFERROR($J12/$H12,"") | L12: =IF($B12="","",SUMIF(Task_Tracker!$F$5:$F$1004,$B12,Task_Tracker!$N$5:$N$1004)) | M12: =IF($B12="","",SUMIF(Task_Tracker!$F$5:$F$1004,$B12,Task_Tracker!$O$5:$O$1004)) | N12: =IF(OR($L12="",$M12=""),"",$M12-$L12) | O12: =IF($B12="","",COUNTIFS(Task_Tracker!$F$5:$F$1004,$B12,Task_Tracker!$R$5:$R$1004,"Overdue")) | P12: =IF($B12="","",COUNTIFS(Task_Tracker!$F$5:$F$1004,$B12,Task_Tracker!$S$5:$S$1004,TEXT(TODAY(),"yyyy-mm"))) | Q12: =IF($B12="","",SUMIFS(Task_Tracker!$O$5:$O$1004,Task_Tracker!$F$5:$F$1004,$B12,Task_Tracker!$S$5:$S$1004,TEXT(TODAY(),"yyyy-mm"))) | R12: =IFERROR($Q12/($F12*4),"")
A13: =Employee_Master!A13 | B13: =Employee_Master!B13 | C13: =Employee_Master!C13 | D13: =Employee_Master!D13 | E13: =Employee_Master!E13 | F13: =Employee_Master!H13 | G13: =Employee_Master!I13 | H13: =IF($B13="","",COUNTIF(Task_Tracker!$F$5:$F$1004,$B13)) | I13: =IF($B13="","",COUNTIFS(Task_Tracker!$F$5:$F$1004,$B13,Task_Tracker!$A$5:$A$1004,"<>",Task_Tracker!$I$5:$I$1004,"<>Completed",Task_Tracker!$I$5:$I$1004,"<>Cancelled")) | J13: =IF($B13="","",COUNTIFS(Task_Tracker!$F$5:$F$1004,$B13,Task_Tracker!$I$5:$I$1004,"Completed")) | K13: =IFERROR($J13/$H13,"") | L13: =IF($B13="","",SUMIF(Task_Tracker!$F$5:$F$1004,$B13,Task_Tracker!$N$5:$N$1004)) | M13: =IF($B13="","",SUMIF(Task_Tracker!$F$5:$F$1004,$B13,Task_Tracker!$O$5:$O$1004)) | N13: =IF(OR($L13="",$M13=""),"",$M13-$L13) | O13: =IF($B13="","",COUNTIFS(Task_Tracker!$F$5:$F$1004,$B13,Task_Tracker!$R$5:$R$1004,"Overdue")) | P13: =IF($B13="","",COUNTIFS(Task_Tracker!$F$5:$F$1004,$B13,Task_Tracker!$S$5:$S$1004,TEXT(TODAY(),"yyyy-mm"))) | Q13: =IF($B13="","",SUMIFS(Task_Tracker!$O$5:$O$1004,Task_Tracker!$F$5:$F$1004,$B13,Task_Tracker!$S$5:$S$1004,TEXT(TODAY(),"yyyy-mm"))) | R13: =IFERROR($Q13/($F13*4),"")
A14: =Employee_Master!A14 | B14: =Employee_Master!B14 | C14: =Employee_Master!C14 | D14: =Employee_Master!D14 | E14: =Employee_Master!E14 | F14: =Employee_Master!H14 | G14: =Employee_Master!I14 | H14: =IF($B14="","",COUNTIF(Task_Tracker!$F$5:$F$1004,$B14)) | I14: =IF($B14="","",COUNTIFS(Task_Tracker!$F$5:$F$1004,$B14,Task_Tracker!$A$5:$A$1004,"<>",Task_Tracker!$I$5:$I$1004,"<>Completed",Task_Tracker!$I$5:$I$1004,"<>Cancelled")) | J14: =IF($B14="","",COUNTIFS(Task_Tracker!$F$5:$F$1004,$B14,Task_Tracker!$I$5:$I$1004,"Completed")) | K14: =IFERROR($J14/$H14,"") | L14: =IF($B14="","",SUMIF(Task_Tracker!$F$5:$F$1004,$B14,Task_Tracker!$N$5:$N$1004)) | M14: =IF($B14="","",SUMIF(Task_Tracker!$F$5:$F$1004,$B14,Task_Tracker!$O$5:$O$1004)) | N14: =IF(OR($L14="",$M14=""),"",$M14-$L14) | O14: =IF($B14="","",COUNTIFS(Task_Tracker!$F$5:$F$1004,$B14,Task_Tracker!$R$5:$R$1004,"Overdue")) | P14: =IF($B14="","",COUNTIFS(Task_Tracker!$F$5:$F$1004,$B14,Task_Tracker!$S$5:$S$1004,TEXT(TODAY(),"yyyy-mm"))) | Q14: =IF($B14="","",SUMIFS(Task_Tracker!$O$5:$O$1004,Task_Tracker!$F$5:$F$1004,$B14,Task_Tracker!$S$5:$S$1004,TEXT(TODAY(),"yyyy-mm"))) | R14: =IFERROR($Q14/($F14*4),"")
A15: =Employee_Master!A15 | B15: =Employee_Master!B15 | C15: =Employee_Master!C15 | D15: =Employee_Master!D15 | E15: =Employee_Master!E15 | F15: =Employee_Master!H15 | G15: =Employee_Master!I15 | H15: =IF($B15="","",COUNTIF(Task_Tracker!$F$5:$F$1004,$B15)) | I15: =IF($B15="","",COUNTIFS(Task_Tracker!$F$5:$F$1004,$B15,Task_Tracker!$A$5:$A$1004,"<>",Task_Tracker!$I$5:$I$1004,"<>Completed",Task_Tracker!$I$5:$I$1004,"<>Cancelled")) | J15: =IF($B15="","",COUNTIFS(Task_Tracker!$F$5:$F$1004,$B15,Task_Tracker!$I$5:$I$1004,"Completed")) | K15: =IFERROR($J15/$H15,"") | L15: =IF($B15="","",SUMIF(Task_Tracker!$F$5:$F$1004,$B15,Task_Tracker!$N$5:$N$1004)) | M15: =IF($B15="","",SUMIF(Task_Tracker!$F$5:$F$1004,$B15,Task_Tracker!$O$5:$O$1004)) | N15: =IF(OR($L15="",$M15=""),"",$M15-$L15) | O15: =IF($B15="","",COUNTIFS(Task_Tracker!$F$5:$F$1004,$B15,Task_Tracker!$R$5:$R$1004,"Overdue")) | P15: =IF($B15="","",COUNTIFS(Task_Tracker!$F$5:$F$1004,$B15,Task_Tracker!$S$5:$S$1004,TEXT(TODAY(),"yyyy-mm"))) | Q15: =IF($B15="","",SUMIFS(Task_Tracker!$O$5:$O$1004,Task_Tracker!$F$5:$F$1004,$B15,Task_Tracker!$S$5:$S$1004,TEXT(TODAY(),"yyyy-mm"))) | R15: =IFERROR($Q15/($F15*4),"")
A16: =Employee_Master!A16 | B16: =Employee_Master!B16 | C16: =Employee_Master!C16 | D16: =Employee_Master!D16 | E16: =Employee_Master!E16 | F16: =Employee_Master!H16 | G16: =Employee_Master!I16 | H16: =IF($B16="","",COUNTIF(Task_Tracker!$F$5:$F$1004,$B16)) | I16: =IF($B16="","",COUNTIFS(Task_Tracker!$F$5:$F$1004,$B16,Task_Tracker!$A$5:$A$1004,"<>",Task_Tracker!$I$5:$I$1004,"<>Completed",Task_Tracker!$I$5:$I$1004,"<>Cancelled")) | J16: =IF($B16="","",COUNTIFS(Task_Tracker!$F$5:$F$1004,$B16,Task_Tracker!$I$5:$I$1004,"Completed")) | K16: =IFERROR($J16/$H16,"") | L16: =IF($B16="","",SUMIF(Task_Tracker!$F$5:$F$1004,$B16,Task_Tracker!$N$5:$N$1004)) | M16: =IF($B16="","",SUMIF(Task_Tracker!$F$5:$F$1004,$B16,Task_Tracker!$O$5:$O$1004)) | N16: =IF(OR($L16="",$M16=""),"",$M16-$L16) | O16: =IF($B16="","",COUNTIFS(Task_Tracker!$F$5:$F$1004,$B16,Task_Tracker!$R$5:$R$1004,"Overdue")) | P16: =IF($B16="","",COUNTIFS(Task_Tracker!$F$5:$F$1004,$B16,Task_Tracker!$S$5:$S$1004,TEXT(TODAY(),"yyyy-mm"))) | Q16: =IF($B16="","",SUMIFS(Task_Tracker!$O$5:$O$1004,Task_Tracker!$F$5:$F$1004,$B16,Task_Tracker!$S$5:$S$1004,TEXT(TODAY(),"yyyy-mm"))) | R16: =IFERROR($Q16/($F16*4),"")
... A204: =Employee_Master!A204 | B204: =Employee_Master!B204 | C204: =Employee_Master!C204 | D204: =Employee_Master!D204 | E204: =Employee_Master!E204 | F204: =Employee_Master!H204 | G204: =Employee_Master!I204 | H204: =IF($B204="","",COUNTIF(Task_Tracker!$F$5:$F$1004,$B204)) | I204: =IF($B204="","",COUNTIFS(Task_Tracker!$F$5:$F$1004,$B204,Task_Tracker!$A$5:$A$1004,"<>",Task_Tracker!$I$5:$I$1004,"<>Completed",Task_Tracker!$I$5:$I$1004,"<>Cancelled")) | J204: =IF($B204="","",COUNTIFS(Task_Tracker!$F$5:$F$1004,$B204,Task_Tracker!$I$5:$I$1004,"Completed")) | K204: =IFERROR($J204/$H204,"") | L204: =IF($B204="","",SUMIF(Task_Tracker!$F$5:$F$1004,$B204,Task_Tracker!$N$5:$N$1004)) | M204: =IF($B204="","",SUMIF(Task_Tracker!$F$5:$F$1004,$B204,Task_Tracker!$O$5:$O$1004)) | N204: =IF(OR($L204="",$M204=""),"",$M204-$L204) | O204: =IF($B204="","",COUNTIFS(Task_Tracker!$F$5:$F$1004,$B204,Task_Tracker!$R$5:$R$1004,"Overdue")) | P204: =IF($B204="","",COUNTIFS(Task_Tracker!$F$5:$F$1004,$B204,Task_Tracker!$S$5:$S$1004,TEXT(TODAY(),"yyyy-mm"))) | Q204: =IF($B204="","",SUMIFS(Task_Tracker!$O$5:$O$1004,Task_Tracker!$F$5:$F$1004,$B204,Task_Tracker!$S$5:$S$1004,TEXT(TODAY(),"yyyy-mm"))) | R204: =IFERROR($Q204/($F204*4),"")

Sheet Employee_Report
A1: Employee Report
A2: This report now pulls task details directly from Task_Tracker and step details directly from Task_Steps. Hours and status update automatically.
A4: Selected Employee | B4: Pammi Gaur | D4: Department | E4: =IF($B$4="","",IFERROR(INDEX(Employee_Master!$C$5:$C$204,MATCH($B$4,Employee_Master!$B$5:$B$204,0)),"")) | G4: Role | H4: =IF($B$4="","",IFERROR(INDEX(Employee_Master!$D$5:$D$204,MATCH($B$4,Employee_Master!$B$5:$B$204,0)),"")) | J4: Manager | K4: =IF($B$4="","",IFERROR(INDEX(Employee_Master!$E$5:$E$204,MATCH($B$4,Employee_Master!$B$5:$B$204,0)),""))
A5: Month Filter | B5: All | D5: Capacity / Week | E5: =IF($B$4="","",IFERROR(INDEX(Employee_Master!$H$5:$H$204,MATCH($B$4,Employee_Master!$B$5:$B$204,0)),""))
A7: Total Tasks | C7: Open Tasks | E7: Completed | G7: Overdue | I7: Est. Hours | K7: Actual Hours
A8: =COUNTIF(Task_Tracker!$F$5:$F$1004,$B$4) | C8: =COUNTIFS(Task_Tracker!$F$5:$F$1004,$B$4,Task_Tracker!$I$5:$I$1004,"<>Completed",Task_Tracker!$I$5:$I$1004,"<>Cancelled") | E8: =COUNTIFS(Task_Tracker!$F$5:$F$1004,$B$4,Task_Tracker!$I$5:$I$1004,"Completed") | G8: =COUNTIFS(Task_Tracker!$F$5:$F$1004,$B$4,Task_Tracker!$R$5:$R$1004,"Overdue") | I8: =SUMIF(Task_Tracker!$F$5:$F$1004,$B$4,Task_Tracker!$N$5:$N$1004) | K8: =SUMIF(Task_Tracker!$F$5:$F$1004,$B$4,Task_Tracker!$O$5:$O$1004)
A10: Step Count | C10: Open Steps | E10: Completed Steps | G10: Step Actual Hrs | I10: Tasks w/ Source | K10: To Manager
A11: =COUNTIF(Task_Steps!$G$5:$G$2004,$B$4) | C11: =COUNTIFS(Task_Steps!$G$5:$G$2004,$B$4,Task_Steps!$H$5:$H$2004,"<>Completed",Task_Steps!$H$5:$H$2004,"<>Cancelled") | E11: =COUNTIFS(Task_Steps!$G$5:$G$2004,$B$4,Task_Steps!$H$5:$H$2004,"Completed") | G11: =SUMIF(Task_Steps!$G$5:$G$2004,$B$4,Task_Steps!$N$5:$N$2004) | I11: =COUNTIFS(Task_Tracker!$F$5:$F$1004,$B$4,Task_Tracker!$AA$5:$AA$1004,"<>") | K11: =COUNTIFS(Task_Tracker!$F$5:$F$1004,$B$4,Task_Tracker!$AC$5:$AC$1004,"<>")
A13: Task Detail (Direct from Task_Tracker)
A14: Task ID | B14: Source | C14: Project | D14: Task Title | E14: Status | F14: Priority | G14: Due Date | H14: Actual Hrs | I14: Open Steps | J14: Linked Step IDs | K14: Next Step | L14: Manager
A15: =IF($B$5="All",IFERROR(TAKE(SORT(FILTER(CHOOSECOLS(Task_Tracker!$A$5:$AF$1004,1,27,2,4,9,8,12,15,31,30,21,28),(Task_Tracker!$A$5:$A$1004<>"")*(Task_Tracker!$F$5:$F$1004=$B$4)),7,1),20),""),IFERROR(TAKE(SORT(FILTER(CHOOSECOLS(Task_Tracker!$A$5:$AF$1004,1,27,2,4,9,8,12,15,31,30,21,28),(Task_Tracker!$A$5:$A$1004<>"")*(Task_Tracker!$F$5:$F$1004=$B$4)*(Task_Tracker!$S$5:$S$1004=$B$5)),7,1),20),""))
A37: Month-wise Summary | I37: Tip
A38: Month Start | B38: Month | C38: Tasks Due | D38: Completed | E38: Carry Forward | F38: Actual Hrs | G38: Open in Bucket | H38: Completion % | I38: Task and step sections are linked to Task_Tracker and Task_Steps. Change only the source sheets; reports update automatically.
A39: 46113 | B39: =TEXT(A39,"mmm yyyy") | C39: =COUNTIFS(Task_Tracker!$F$5:$F$1004,$B$4,Task_Tracker!$L$5:$L$1004,">="&$A39,Task_Tracker!$L$5:$L$1004,"<"&EDATE($A39,1)) | D39: =COUNTIFS(Task_Tracker!$F$5:$F$1004,$B$4,Task_Tracker!$L$5:$L$1004,">="&$A39,Task_Tracker!$L$5:$L$1004,"<"&EDATE($A39,1),Task_Tracker!$I$5:$I$1004,"Completed") | E39: =COUNTIFS(Task_Tracker!$F$5:$F$1004,$B$4,Task_Tracker!$L$5:$L$1004,"<"&$A39,Task_Tracker!$I$5:$I$1004,"<>Completed",Task_Tracker!$I$5:$I$1004,"<>Cancelled") | F39: =SUMIFS(Task_Tracker!$O$5:$O$1004,Task_Tracker!$F$5:$F$1004,$B$4,Task_Tracker!$L$5:$L$1004,">="&$A39,Task_Tracker!$L$5:$L$1004,"<"&EDATE($A39,1)) | G39: =COUNTIFS(Task_Tracker!$F$5:$F$1004,$B$4,Task_Tracker!$L$5:$L$1004,">="&$A39,Task_Tracker!$L$5:$L$1004,"<"&EDATE($A39,1),Task_Tracker!$I$5:$I$1004,"<>Completed",Task_Tracker!$I$5:$I$1004,"<>Cancelled") | H39: =IFERROR(D39/C39,0)
A40: 46143 | B40: =TEXT(A40,"mmm yyyy") | C40: =COUNTIFS(Task_Tracker!$F$5:$F$1004,$B$4,Task_Tracker!$L$5:$L$1004,">="&$A40,Task_Tracker!$L$5:$L$1004,"<"&EDATE($A40,1)) | D40: =COUNTIFS(Task_Tracker!$F$5:$F$1004,$B$4,Task_Tracker!$L$5:$L$1004,">="&$A40,Task_Tracker!$L$5:$L$1004,"<"&EDATE($A40,1),Task_Tracker!$I$5:$I$1004,"Completed") | E40: =COUNTIFS(Task_Tracker!$F$5:$F$1004,$B$4,Task_Tracker!$L$5:$L$1004,"<"&$A40,Task_Tracker!$I$5:$I$1004,"<>Completed",Task_Tracker!$I$5:$I$1004,"<>Cancelled") | F40: =SUMIFS(Task_Tracker!$O$5:$O$1004,Task_Tracker!$F$5:$F$1004,$B$4,Task_Tracker!$L$5:$L$1004,">="&$A40,Task_Tracker!$L$5:$L$1004,"<"&EDATE($A40,1)) | G40: =COUNTIFS(Task_Tracker!$F$5:$F$1004,$B$4,Task_Tracker!$L$5:$L$1004,">="&$A40,Task_Tracker!$L$5:$L$1004,"<"&EDATE($A40,1),Task_Tracker!$I$5:$I$1004,"<>Completed",Task_Tracker!$I$5:$I$1004,"<>Cancelled") | H40: =IFERROR(D40/C40,0)
A41: 46174 | B41: =TEXT(A41,"mmm yyyy") | C41: =COUNTIFS(Task_Tracker!$F$5:$F$1004,$B$4,Task_Tracker!$L$5:$L$1004,">="&$A41,Task_Tracker!$L$5:$L$1004,"<"&EDATE($A41,1)) | D41: =COUNTIFS(Task_Tracker!$F$5:$F$1004,$B$4,Task_Tracker!$L$5:$L$1004,">="&$A41,Task_Tracker!$L$5:$L$1004,"<"&EDATE($A41,1),Task_Tracker!$I$5:$I$1004,"Completed") | E41: =COUNTIFS(Task_Tracker!$F$5:$F$1004,$B$4,Task_Tracker!$L$5:$L$1004,"<"&$A41,Task_Tracker!$I$5:$I$1004,"<>Completed",Task_Tracker!$I$5:$I$1004,"<>Cancelled") | F41: =SUMIFS(Task_Tracker!$O$5:$O$1004,Task_Tracker!$F$5:$F$1004,$B$4,Task_Tracker!$L$5:$L$1004,">="&$A41,Task_Tracker!$L$5:$L$1004,"<"&EDATE($A41,1)) | G41: =COUNTIFS(Task_Tracker!$F$5:$F$1004,$B$4,Task_Tracker!$L$5:$L$1004,">="&$A41,Task_Tracker!$L$5:$L$1004,"<"&EDATE($A41,1),Task_Tracker!$I$5:$I$1004,"<>Completed",Task_Tracker!$I$5:$I$1004,"<>Cancelled") | H41: =IFERROR(D41/C41,0)
A42: 46204 | B42: =TEXT(A42,"mmm yyyy") | C42: =COUNTIFS(Task_Tracker!$F$5:$F$1004,$B$4,Task_Tracker!$L$5:$L$1004,">="&$A42,Task_Tracker!$L$5:$L$1004,"<"&EDATE($A42,1)) | D42: =COUNTIFS(Task_Tracker!$F$5:$F$1004,$B$4,Task_Tracker!$L$5:$L$1004,">="&$A42,Task_Tracker!$L$5:$L$1004,"<"&EDATE($A42,1),Task_Tracker!$I$5:$I$1004,"Completed") | E42: =COUNTIFS(Task_Tracker!$F$5:$F$1004,$B$4,Task_Tracker!$L$5:$L$1004,"<"&$A42,Task_Tracker!$I$5:$I$1004,"<>Completed",Task_Tracker!$I$5:$I$1004,"<>Cancelled") | F42: =SUMIFS(Task_Tracker!$O$5:$O$1004,Task_Tracker!$F$5:$F$1004,$B$4,Task_Tracker!$L$5:$L$1004,">="&$A42,Task_Tracker!$L$5:$L$1004,"<"&EDATE($A42,1)) | G42: =COUNTIFS(Task_Tracker!$F$5:$F$1004,$B$4,Task_Tracker!$L$5:$L$1004,">="&$A42,Task_Tracker!$L$5:$L$1004,"<"&EDATE($A42,1),Task_Tracker!$I$5:$I$1004,"<>Completed",Task_Tracker!$I$5:$I$1004,"<>Cancelled") | H42: =IFERROR(D42/C42,0)
A43: 46235 | B43: =TEXT(A43,"mmm yyyy") | C43: =COUNTIFS(Task_Tracker!$F$5:$F$1004,$B$4,Task_Tracker!$L$5:$L$1004,">="&$A43,Task_Tracker!$L$5:$L$1004,"<"&EDATE($A43,1)) | D43: =COUNTIFS(Task_Tracker!$F$5:$F$1004,$B$4,Task_Tracker!$L$5:$L$1004,">="&$A43,Task_Tracker!$L$5:$L$1004,"<"&EDATE($A43,1),Task_Tracker!$I$5:$I$1004,"Completed") | E43: =COUNTIFS(Task_Tracker!$F$5:$F$1004,$B$4,Task_Tracker!$L$5:$L$1004,"<"&$A43,Task_Tracker!$I$5:$I$1004,"<>Completed",Task_Tracker!$I$5:$I$1004,"<>Cancelled") | F43: =SUMIFS(Task_Tracker!$O$5:$O$1004,Task_Tracker!$F$5:$F$1004,$B$4,Task_Tracker!$L$5:$L$1004,">="&$A43,Task_Tracker!$L$5:$L$1004,"<"&EDATE($A43,1)) | G43: =COUNTIFS(Task_Tracker!$F$5:$F$1004,$B$4,Task_Tracker!$L$5:$L$1004,">="&$A43,Task_Tracker!$L$5:$L$1004,"<"&EDATE($A43,1),Task_Tracker!$I$5:$I$1004,"<>Completed",Task_Tracker!$I$5:$I$1004,"<>Cancelled") | H43: =IFERROR(D43/C43,0)
A44: 46266 | B44: =TEXT(A44,"mmm yyyy") | C44: =COUNTIFS(Task_Tracker!$F$5:$F$1004,$B$4,Task_Tracker!$L$5:$L$1004,">="&$A44,Task_Tracker!$L$5:$L$1004,"<"&EDATE($A44,1)) | D44: =COUNTIFS(Task_Tracker!$F$5:$F$1004,$B$4,Task_Tracker!$L$5:$L$1004,">="&$A44,Task_Tracker!$L$5:$L$1004,"<"&EDATE($A44,1),Task_Tracker!$I$5:$I$1004,"Completed") | E44: =COUNTIFS(Task_Tracker!$F$5:$F$1004,$B$4,Task_Tracker!$L$5:$L$1004,"<"&$A44,Task_Tracker!$I$5:$I$1004,"<>Completed",Task_Tracker!$I$5:$I$1004,"<>Cancelled") | F44: =SUMIFS(Task_Tracker!$O$5:$O$1004,Task_Tracker!$F$5:$F$1004,$B$4,Task_Tracker!$L$5:$L$1004,">="&$A44,Task_Tracker!$L$5:$L$1004,"<"&EDATE($A44,1)) | G44: =COUNTIFS(Task_Tracker!$F$5:$F$1004,$B$4,Task_Tracker!$L$5:$L$1004,">="&$A44,Task_Tracker!$L$5:$L$1004,"<"&EDATE($A44,1),Task_Tracker!$I$5:$I$1004,"<>Completed",Task_Tracker!$I$5:$I$1004,"<>Cancelled") | H44: =IFERROR(D44/C44,0)
A45: 46296 | B45: =TEXT(A45,"mmm yyyy") | C45: =COUNTIFS(Task_Tracker!$F$5:$F$1004,$B$4,Task_Tracker!$L$5:$L$1004,">="&$A45,Task_Tracker!$L$5:$L$1004,"<"&EDATE($A45,1)) | D45: =COUNTIFS(Task_Tracker!$F$5:$F$1004,$B$4,Task_Tracker!$L$5:$L$1004,">="&$A45,Task_Tracker!$L$5:$L$1004,"<"&EDATE($A45,1),Task_Tracker!$I$5:$I$1004,"Completed") | E45: =COUNTIFS(Task_Tracker!$F$5:$F$1004,$B$4,Task_Tracker!$L$5:$L$1004,"<"&$A45,Task_Tracker!$I$5:$I$1004,"<>Completed",Task_Tracker!$I$5:$I$1004,"<>Cancelled") | F45: =SUMIFS(Task_Tracker!$O$5:$O$1004,Task_Tracker!$F$5:$F$1004,$B$4,Task_Tracker!$L$5:$L$1004,">="&$A45,Task_Tracker!$L$5:$L$1004,"<"&EDATE($A45,1)) | G45: =COUNTIFS(Task_Tracker!$F$5:$F$1004,$B$4,Task_Tracker!$L$5:$L$1004,">="&$A45,Task_Tracker!$L$5:$L$1004,"<"&EDATE($A45,1),Task_Tracker!$I$5:$I$1004,"<>Completed",Task_Tracker!$I$5:$I$1004,"<>Cancelled") | H45: =IFERROR(D45/C45,0)
A46: 46327 | B46: =TEXT(A46,"mmm yyyy") | C46: =COUNTIFS(Task_Tracker!$F$5:$F$1004,$B$4,Task_Tracker!$L$5:$L$1004,">="&$A46,Task_Tracker!$L$5:$L$1004,"<"&EDATE($A46,1)) | D46: =COUNTIFS(Task_Tracker!$F$5:$F$1004,$B$4,Task_Tracker!$L$5:$L$1004,">="&$A46,Task_Tracker!$L$5:$L$1004,"<"&EDATE($A46,1),Task_Tracker!$I$5:$I$1004,"Completed") | E46: =COUNTIFS(Task_Tracker!$F$5:$F$1004,$B$4,Task_Tracker!$L$5:$L$1004,"<"&$A46,Task_Tracker!$I$5:$I$1004,"<>Completed",Task_Tracker!$I$5:$I$1004,"<>Cancelled") | F46: =SUMIFS(Task_Tracker!$O$5:$O$1004,Task_Tracker!$F$5:$F$1004,$B$4,Task_Tracker!$L$5:$L$1004,">="&$A46,Task_Tracker!$L$5:$L$1004,"<"&EDATE($A46,1)) | G46: =COUNTIFS(Task_Tracker!$F$5:$F$1004,$B$4,Task_Tracker!$L$5:$L$1004,">="&$A46,Task_Tracker!$L$5:$L$1004,"<"&EDATE($A46,1),Task_Tracker!$I$5:$I$1004,"<>Completed",Task_Tracker!$I$5:$I$1004,"<>Cancelled") | H46: =IFERROR(D46/C46,0)
A47: 46357 | B47: =TEXT(A47,"mmm yyyy") | C47: =COUNTIFS(Task_Tracker!$F$5:$F$1004,$B$4,Task_Tracker!$L$5:$L$1004,">="&$A47,Task_Tracker!$L$5:$L$1004,"<"&EDATE($A47,1)) | D47: =COUNTIFS(Task_Tracker!$F$5:$F$1004,$B$4,Task_Tracker!$L$5:$L$1004,">="&$A47,Task_Tracker!$L$5:$L$1004,"<"&EDATE($A47,1),Task_Tracker!$I$5:$I$1004,"Completed") | E47: =COUNTIFS(Task_Tracker!$F$5:$F$1004,$B$4,Task_Tracker!$L$5:$L$1004,"<"&$A47,Task_Tracker!$I$5:$I$1004,"<>Completed",Task_Tracker!$I$5:$I$1004,"<>Cancelled") | F47: =SUMIFS(Task_Tracker!$O$5:$O$1004,Task_Tracker!$F$5:$F$1004,$B$4,Task_Tracker!$L$5:$L$1004,">="&$A47,Task_Tracker!$L$5:$L$1004,"<"&EDATE($A47,1)) | G47: =COUNTIFS(Task_Tracker!$F$5:$F$1004,$B$4,Task_Tracker!$L$5:$L$1004,">="&$A47,Task_Tracker!$L$5:$L$1004,"<"&EDATE($A47,1),Task_Tracker!$I$5:$I$1004,"<>Completed",Task_Tracker!$I$5:$I$1004,"<>Cancelled") | H47: =IFERROR(D47/C47,0)
A48: 46388 | B48: =TEXT(A48,"mmm yyyy") | C48: =COUNTIFS(Task_Tracker!$F$5:$F$1004,$B$4,Task_Tracker!$L$5:$L$1004,">="&$A48,Task_Tracker!$L$5:$L$1004,"<"&EDATE($A48,1)) | D48: =COUNTIFS(Task_Tracker!$F$5:$F$1004,$B$4,Task_Tracker!$L$5:$L$1004,">="&$A48,Task_Tracker!$L$5:$L$1004,"<"&EDATE($A48,1),Task_Tracker!$I$5:$I$1004,"Completed") | E48: =COUNTIFS(Task_Tracker!$F$5:$F$1004,$B$4,Task_Tracker!$L$5:$L$1004,"<"&$A48,Task_Tracker!$I$5:$I$1004,"<>Completed",Task_Tracker!$I$5:$I$1004,"<>Cancelled") | F48: =SUMIFS(Task_Tracker!$O$5:$O$1004,Task_Tracker!$F$5:$F$1004,$B$4,Task_Tracker!$L$5:$L$1004,">="&$A48,Task_Tracker!$L$5:$L$1004,"<"&EDATE($A48,1)) | G48: =COUNTIFS(Task_Tracker!$F$5:$F$1004,$B$4,Task_Tracker!$L$5:$L$1004,">="&$A48,Task_Tracker!$L$5:$L$1004,"<"&EDATE($A48,1),Task_Tracker!$I$5:$I$1004,"<>Completed",Task_Tracker!$I$5:$I$1004,"<>Cancelled") | H48: =IFERROR(D48/C48,0)
A49: 46419 | B49: =TEXT(A49,"mmm yyyy") | C49: =COUNTIFS(Task_Tracker!$F$5:$F$1004,$B$4,Task_Tracker!$L$5:$L$1004,">="&$A49,Task_Tracker!$L$5:$L$1004,"<"&EDATE($A49,1)) | D49: =COUNTIFS(Task_Tracker!$F$5:$F$1004,$B$4,Task_Tracker!$L$5:$L$1004,">="&$A49,Task_Tracker!$L$5:$L$1004,"<"&EDATE($A49,1),Task_Tracker!$I$5:$I$1004,"Completed") | E49: =COUNTIFS(Task_Tracker!$F$5:$F$1004,$B$4,Task_Tracker!$L$5:$L$1004,"<"&$A49,Task_Tracker!$I$5:$I$1004,"<>Completed",Task_Tracker!$I$5:$I$1004,"<>Cancelled") | F49: =SUMIFS(Task_Tracker!$O$5:$O$1004,Task_Tracker!$F$5:$F$1004,$B$4,Task_Tracker!$L$5:$L$1004,">="&$A49,Task_Tracker!$L$5:$L$1004,"<"&EDATE($A49,1)) | G49: =COUNTIFS(Task_Tracker!$F$5:$F$1004,$B$4,Task_Tracker!$L$5:$L$1004,">="&$A49,Task_Tracker!$L$5:$L$1004,"<"&EDATE($A49,1),Task_Tracker!$I$5:$I$1004,"<>Completed",Task_Tracker!$I$5:$I$1004,"<>Cancelled") | H49: =IFERROR(D49/C49,0)
